game_id,so,to
2006_01_MIA_PIT,1.5,34.0
2006_01_ATL_CAR,4.5,38.5
2006_01_NO_CLE,3.0,36.5
2006_01_SEA_DET,-6.0,44.0
2006_01_PHI_HOU,-6.0,38.0
2006_01_CIN_KC,1.0,48.5
2006_01_BUF_NE,9.5,41.0
2006_01_DEN_STL,-3.5,45.5
2006_01_BAL_TB,3.0,33.5
2006_01_NYJ_TEN,3.0,35.5
2006_01_SF_ARI,9.5,43.5
2006_01_CHI_GB,-3.5,34.5
2006_01_DAL_JAX,-2.0,36.5
2006_01_IND_NYG,-3.0,48.0
2006_01_MIN_WAS,4.0,36.0
2006_01_SD_OAK,-3.0,42.0
2006_02_TB_ATL,4.5,35.0
2006_02_OAK_BAL,13.0,34.0
2006_02_DET_CHI,7.5,32.0
2006_02_CLE_CIN,10.0,40.5
2006_02_NO_GB,-1.5,39.5
2006_02_HOU_IND,12.5,47.5
2006_02_BUF_MIA,6.5,37.0
2006_02_CAR_MIN,2.0,37.0
2006_02_NYG_PHI,2.5,42.0
2006_02_ARI_SEA,7.0,47.0
2006_02_STL_SF,-3.0,43.5
2006_02_KC_DEN,10.5,38.5
2006_02_NE_NYJ,-6.0,37.5
2006_02_TEN_SD,11.5,38.0
2006_02_WAS_DAL,7.0,37.0
2006_02_PIT_JAX,-2.5,36.5
2006_03_NYJ_BUF,6.0,33.5
2006_03_GB_DET,6.5,40.0
2006_03_WAS_HOU,-4.0,37.5
2006_03_JAX_IND,6.5,42.5
2006_03_TEN_MIA,10.5,35.5
2006_03_CHI_MIN,-4.0,35.0
2006_03_CIN_PIT,2.0,42.0
2006_03_CAR_TB,-3.5,33.5
2006_03_BAL_CLE,-7.0,33.0
2006_03_STL_ARI,4.5,44.0
2006_03_NYG_SEA,3.5,42.5
2006_03_PHI_SF,-6.5,42.0
2006_03_DEN_NE,6.5,38.5
2006_03_ATL_NO,-4.0,45.0
2006_04_ARI_ATL,7.5,40.5
2006_04_SD_BAL,1.0,33.5
2006_04_MIN_BUF,2.0,34.5
2006_04_NO_CAR,7.0,41.0
2006_04_MIA_HOU,-3.5,40.5
2006_04_SF_KC,7.0,39.5
2006_04_IND_NYJ,-7.5,46.5
2006_04_DAL_TEN,-9.5,37.5
2006_04_DET_STL,5.0,42.5
2006_04_NE_CIN,5.5,46.0
2006_04_CLE_OAK,-1.0,33.5
2006_04_JAX_WAS,-2.0,34.0
2006_04_SEA_CHI,3.5,36.5
2006_04_GB_PHI,11.5,49.5
2006_05_CLE_CAR,8.0,38.0
2006_05_BUF_CHI,9.5,34.5
2006_05_STL_GB,-2.5,46.5
2006_05_TEN_IND,17.5,48.0
2006_05_DET_MIN,6.5,41.0
2006_05_MIA_NE,9.5,36.5
2006_05_TB_NO,7.0,35.0
2006_05_WAS_NYG,5.5,46.0
2006_05_KC_ARI,-3.5,40.0
2006_05_NYJ_JAX,7.0,38.5
2006_05_OAK_SF,3.5,39.5
2006_05_DAL_PHI,1.0,43.0
2006_05_PIT_SD,3.5,37.0
2006_05_BAL_DEN,5.0,33.0
2006_06_NYG_ATL,3.0,41.0
2006_06_CAR_BAL,3.0,33.5
2006_06_HOU_DAL,13.0,43.5
2006_06_BUF_DET,-1.5,40.5
2006_06_PHI_NO,-3.0,47.0
2006_06_SEA_STL,-3.0,45.0
2006_06_CIN_TB,-4.5,44.5
2006_06_TEN_WAS,12.0,39.5
2006_06_MIA_NYJ,2.5,36.0
2006_06_KC_PIT,6.5,37.0
2006_06_SD_SF,-10.0,42.0
2006_06_OAK_DEN,15.5,37.5
2006_06_CHI_ARI,-12.5,40.5
2006_07_PIT_ATL,-3.0,39.0
2006_07_NE_BUF,-5.5,36.5
2006_07_CAR_CIN,3.0,44.0
2006_07_JAX_HOU,-7.5,39.5
2006_07_SD_KC,-6.0,38.5
2006_07_GB_MIA,6.0,40.5
2006_07_DET_NYJ,4.0,43.5
2006_07_PHI_TB,-6.5,42.5
2006_07_DEN_CLE,-4.5,31.5
2006_07_WAS_IND,8.0,47.5
2006_07_ARI_OAK,-3.0,39.5
2006_07_MIN_SEA,6.5,40.5
2006_07_NYG_DAL,3.0,43.5
2006_08_SF_CHI,16.5,42.0
2006_08_ATL_CIN,4.0,45.5
2006_08_ARI_GB,4.0,45.0
2006_08_SEA_KC,5.5,37.0
2006_08_BAL_NO,2.0,37.0
2006_08_TB_NYG,9.0,36.0
2006_08_JAX_PHI,8.0,38.5
2006_08_HOU_TEN,3.0,41.5
2006_08_STL_SD,9.5,46.0
2006_08_NYJ_CLE,2.0,37.0
2006_08_IND_DEN,3.0,40.0
2006_08_PIT_OAK,-9.0,38.5
2006_08_DAL_CAR,4.5,41.0
2006_08_NE_MIN,-2.0,40.0
2006_09_CIN_BAL,3.0,41.5
2006_09_GB_BUF,3.5,41.5
2006_09_MIA_CHI,13.0,37.5
2006_09_ATL_DET,-5.5,47.5
2006_09_TEN_JAX,9.5,37.5
2006_09_HOU_NYG,13.0,43.0
2006_09_KC_STL,3.0,48.5
2006_09_NO_TB,1.0,37.5
2006_09_DAL_WAS,-3.0,41.0
2006_09_MIN_SF,-4.0,43.0
2006_09_DEN_PIT,3.0,36.5
2006_09_CLE_SD,13.0,41.5
2006_09_IND_NE,3.0,48.5
2006_09_OAK_SEA,7.0,34.0
2006_10_CLE_ATL,8.0,42.0
2006_10_SD_CIN,-1.0,48.0
2006_10_SF_DET,6.5,46.0
2006_10_BUF_IND,12.5,44.5
2006_10_HOU_JAX,10.0,37.0
2006_10_KC_MIA,1.5,40.0
2006_10_GB_MIN,5.0,39.5
2006_10_NYJ_NE,10.0,38.0
2006_10_WAS_PHI,8.0,41.5
2006_10_BAL_TEN,-6.5,38.0
2006_10_DEN_OAK,-9.0,33.5
2006_10_DAL_ARI,-6.5,43.0
2006_10_NO_PIT,6.5,46.0
2006_10_STL_SEA,3.0,43.5
2006_10_CHI_NYG,1.0,37.0
2006_10_TB_CAR,10.0,37.0
2006_11_ATL_BAL,3.5,41.0
2006_11_STL_CAR,6.5,44.0
2006_11_PIT_CLE,-4.5,37.0
2006_11_NE_GB,-6.0,45.5
2006_11_BUF_HOU,3.0,36.5
2006_11_OAK_KC,8.0,36.0
2006_11_MIN_MIA,3.5,34.0
2006_11_CIN_NO,3.5,51.5
2006_11_CHI_NYJ,-6.0,39.5
2006_11_TEN_PHI,13.0,44.0
2006_11_WAS_TB,3.0,33.5
2006_11_DET_ARI,2.0,46.0
2006_11_SEA_SF,-3.0,43.5
2006_11_IND_DAL,-1.5,50.0
2006_11_SD_DEN,3.0,42.5
2006_11_NYG_JAX,3.5,38.5
2006_12_MIA_DET,-2.5,40.0
2006_12_TB_DAL,12.5,38.5
2006_12_DEN_KC,2.0,39.0
2006_12_NO_ATL,3.0,48.0
2006_12_PIT_BAL,3.0,40.0
2006_12_JAX_BUF,-3.0,35.0
2006_12_CIN_CLE,-3.5,44.0
2006_12_ARI_MIN,7.0,39.0
2006_12_HOU_NYJ,5.0,40.0
2006_12_SF_STL,4.5,44.5
2006_12_CAR_WAS,-5.5,36.0
2006_12_OAK_SD,13.5,43.0
2006_12_CHI_NE,4.5,38.0
2006_12_NYG_TEN,-3.5,45.0
2006_12_PHI_IND,10.5,44.5
2006_12_GB_SEA,10.0,42.0
2006_13_BAL_CIN,3.0,41.5
2006_13_SD_BUF,-5.5,40.0
2006_13_MIN_CHI,9.0,34.5
2006_13_KC_CLE,-4.0,35.5
2006_13_NYJ_GB,-0.0,39.0
2006_13_DET_NE,13.5,41.5
2006_13_SF_NO,7.0,45.0
2006_13_ARI_STL,6.0,46.0
2006_13_IND_TEN,-7.5,46.5
2006_13_ATL_WAS,-1.0,38.5
2006_13_JAX_MIA,1.5,35.5
2006_13_HOU_OAK,3.0,35.5
2006_13_DAL_NYG,-3.5,43.5
2006_13_TB_PIT,8.0,40.5
2006_13_SEA_DEN,4.5,40.5
2006_13_CAR_PHI,-3.0,37.5
2006_14_CLE_PIT,7.0,34.0
2006_14_NYG_CAR,-3.0,39.0
2006_14_OAK_CIN,11.0,40.0
2006_14_MIN_DET,1.5,40.0
2006_14_TEN_HOU,1.0,42.5
2006_14_IND_JAX,-1.0,44.0
2006_14_BAL_KC,3.0,37.0
2006_14_NE_MIA,-3.5,37.0
2006_14_ATL_TB,-3.5,37.5
2006_14_PHI_WAS,-2.0,40.5
2006_14_SEA_ARI,-3.0,44.5
2006_14_GB_SF,4.0,44.0
2006_14_BUF_NYJ,4.5,37.5
2006_14_DEN_SD,7.5,41.0
2006_14_NO_DAL,7.5,47.5
2006_14_CHI_STL,-6.0,41.5
2006_15_SF_SEA,10.0,37.5
2006_15_DAL_ATL,-4.0,45.5
2006_15_CLE_BAL,12.5,35.0
2006_15_MIA_BUF,1.0,34.0
2006_15_PIT_CAR,-3.0,39.0
2006_15_TB_CHI,13.5,35.0
2006_15_DET_GB,6.0,45.0
2006_15_NYJ_MIN,3.5,41.0
2006_15_HOU_NE,12.5,38.0
2006_15_WAS_NO,10.0,47.0
2006_15_JAX_TEN,-3.5,41.0
2006_15_DEN_ARI,-3.0,43.5
2006_15_PHI_NYG,5.5,45.5
2006_15_STL_OAK,3.0,39.0
2006_15_KC_SD,9.0,47.5
2006_15_CIN_IND,3.5,54.5
2006_16_MIN_GB,4.0,38.0
2006_16_KC_OAK,-7.0,36.5
2006_16_CAR_ATL,6.5,40.5
2006_16_TEN_BUF,5.0,37.5
2006_16_TB_CLE,3.0,37.5
2006_16_CHI_DET,-6.0,42.0
2006_16_IND_HOU,-9.0,47.0
2006_16_NE_JAX,3.0,37.0
2006_16_NO_NYG,3.0,47.5
2006_16_BAL_PIT,4.0,36.5
2006_16_WAS_STL,1.5,43.0
2006_16_ARI_SF,3.5,45.0
2006_16_CIN_DEN,3.0,44.5
2006_16_SD_SEA,-4.0,45.5
2006_16_PHI_DAL,7.0,47.5
2006_16_NYJ_MIA,2.0,36.5
2006_17_NYG_WAS,-2.0,42.5
2006_17_PIT_CIN,6.0,44.0
2006_17_DET_DAL,13.5,45.0
2006_17_CLE_HOU,6.0,37.5
2006_17_JAX_KC,2.5,36.5
2006_17_STL_MIN,-1.5,43.5
2006_17_CAR_NO,-2.5,38.0
2006_17_OAK_NYJ,10.5,34.0
2006_17_SEA_TB,3.0,37.0
2006_17_NE_TEN,3.5,41.0
2006_17_BUF_BAL,9.5,36.5
2006_17_SF_DEN,11.0,40.0
2006_17_MIA_IND,9.0,43.5
2006_17_ATL_PHI,6.5,42.5
2006_17_ARI_SD,13.5,44.5
2006_17_GB_CHI,3.5,38.5
2007_01_NO_IND,5.5,53.5
2007_01_DEN_BUF,-3.0,37.5
2007_01_PIT_CLE,-5.5,36.0
2007_01_PHI_GB,-3.5,42.0
2007_01_KC_HOU,3.0,37.5
2007_01_TEN_JAX,7.5,39.0
2007_01_ATL_MIN,3.0,35.5
2007_01_NE_NYJ,-6.5,41.0
2007_01_CAR_STL,1.5,43.0
2007_01_MIA_WAS,3.0,34.5
2007_01_DET_OAK,3.0,39.5
2007_01_CHI_SD,7.0,42.5
2007_01_TB_SEA,6.0,41.0
2007_01_NYG_DAL,6.5,45.0
2007_01_BAL_CIN,3.0,40.5
2007_01_ARI_SF,3.5,47.0
2007_02_HOU_CAR,6.5,38.0
2007_02_CIN_CLE,-7.5,41.5
2007_02_ATL_JAX,10.5,34.5
2007_02_GB_NYG,3.0,39.5
2007_02_BUF_PIT,10.0,39.0
2007_02_SF_STL,3.0,44.5
2007_02_NO_TB,-5.0,42.0
2007_02_IND_TEN,-7.0,46.0
2007_02_SEA_ARI,-3.0,42.5
2007_02_MIN_DET,3.0,43.0
2007_02_DAL_MIA,-3.5,40.0
2007_02_NYJ_BAL,9.5,33.0
2007_02_KC_CHI,12.0,34.5
2007_02_OAK_DEN,9.5,37.0
2007_02_SD_NE,3.5,46.5
2007_02_WAS_PHI,7.0,39.0
2007_03_ARI_BAL,7.0,35.5
2007_03_SD_GB,-6.0,42.5
2007_03_IND_HOU,-6.5,46.5
2007_03_MIN_KC,3.0,33.5
2007_03_BUF_NE,16.5,41.0
2007_03_MIA_NYJ,3.0,36.5
2007_03_DET_PHI,4.5,44.5
2007_03_SF_PIT,10.0,37.5
2007_03_STL_TB,3.5,38.5
2007_03_JAX_DEN,3.5,36.0
2007_03_CLE_OAK,3.0,41.5
2007_03_CIN_SEA,3.0,50.0
2007_03_CAR_ATL,-4.5,38.0
2007_03_NYG_WAS,3.5,42.0
2007_03_DAL_CHI,3.0,41.5
2007_03_TEN_NO,4.5,46.5
2007_04_HOU_ATL,-3.0,39.5
2007_04_NYJ_BUF,-3.5,37.5
2007_04_BAL_CLE,-4.0,40.0
2007_04_STL_DAL,13.5,47.0
2007_04_CHI_DET,-2.5,46.0
2007_04_OAK_MIA,3.5,39.5
2007_04_GB_MIN,-1.0,38.0
2007_04_TB_CAR,3.0,39.0
2007_04_SEA_SF,-2.0,41.0
2007_04_PIT_ARI,-5.5,42.5
2007_04_DEN_IND,10.0,46.5
2007_04_KC_SD,12.5,39.0
2007_04_PHI_NYG,-2.5,47.5
2007_04_NE_CIN,-8.5,54.5
2007_05_MIA_HOU,5.0,43.0
2007_05_JAX_KC,-2.5,36.0
2007_05_CLE_NE,16.0,48.0
2007_05_CAR_NO,4.0,43.0
2007_05_NYJ_NYG,4.0,41.0
2007_05_SEA_PIT,5.0,41.5
2007_05_ARI_STL,-4.0,40.5
2007_05_ATL_TEN,7.5,41.0
2007_05_DET_WAS,3.5,45.0
2007_05_TB_IND,8.5,45.0
2007_05_SD_DEN,-1.0,43.0
2007_05_BAL_SF,-4.0,35.0
2007_05_CHI_GB,3.5,41.0
2007_05_DAL_BUF,-11.0,45.5
2007_06_STL_BAL,9.0,37.0
2007_06_MIN_CHI,4.5,36.0
2007_06_MIA_CLE,4.0,45.5
2007_06_WAS_GB,3.0,40.0
2007_06_HOU_JAX,6.5,37.0
2007_06_CIN_KC,-2.5,43.5
2007_06_PHI_NYJ,-4.0,43.0
2007_06_TEN_TB,2.0,37.0
2007_06_CAR_ARI,6.5,39.0
2007_06_NE_DAL,-5.5,52.5
2007_06_OAK_SD,9.5,44.5
2007_06_NO_SEA,6.0,43.0
2007_06_NYG_ATL,-5.5,43.5
2007_07_BAL_BUF,-3.0,34.0
2007_07_TB_DET,2.0,44.5
2007_07_TEN_HOU,2.0,38.0
2007_07_NE_MIA,-16.0,50.0
2007_07_ATL_NO,7.5,43.0
2007_07_SF_NYG,9.5,39.0
2007_07_ARI_WAS,8.0,35.5
2007_07_NYJ_CIN,6.0,48.0
2007_07_KC_OAK,2.5,37.5
2007_07_MIN_DAL,9.5,46.0
2007_07_CHI_PHI,5.0,42.5
2007_07_STL_SEA,8.0,39.5
2007_07_PIT_DEN,-4.5,38.0
2007_07_IND_JAX,-3.0,45.0
2007_08_IND_CAR,-7.0,44.0
2007_08_DET_CHI,6.0,45.5
2007_08_PIT_CIN,-4.0,48.5
2007_08_NYG_MIA,-10.0,47.5
2007_08_PHI_MIN,-1.0,37.5
2007_08_CLE_STL,-3.0,46.5
2007_08_OAK_TEN,7.0,39.5
2007_08_BUF_NYJ,3.0,38.0
2007_08_HOU_SD,10.0,46.0
2007_08_JAX_TB,3.5,32.5
2007_08_WAS_NE,15.0,47.0
2007_08_NO_SF,-2.5,40.5
2007_08_GB_DEN,3.0,43.5
2007_09_SF_ATL,3.5,37.0
2007_09_CIN_BUF,-0.0,43.5
2007_09_DEN_DET,3.0,46.5
2007_09_GB_KC,2.5,38.0
2007_09_SD_MIN,-7.0,42.0
2007_09_JAX_NO,3.5,40.0
2007_09_WAS_NYJ,-3.5,35.5
2007_09_ARI_TB,3.5,39.0
2007_09_CAR_TEN,5.5,35.5
2007_09_SEA_CLE,1.0,47.0
2007_09_NE_IND,-5.5,57.0
2007_09_HOU_OAK,3.0,41.5
2007_09_DAL_PHI,-3.5,46.5
2007_09_BAL_PIT,9.0,36.0
2007_10_ATL_CAR,3.5,35.5
2007_10_MIN_GB,5.5,41.0
2007_10_DEN_KC,3.0,37.5
2007_10_BUF_MIA,-3.0,41.0
2007_10_STL_NO,10.5,47.0
2007_10_CLE_PIT,10.0,47.0
2007_10_JAX_TEN,4.5,35.5
2007_10_PHI_WAS,2.5,38.0
2007_10_CIN_BAL,3.0,44.0
2007_10_DET_ARI,2.0,45.0
2007_10_DAL_NYG,-2.0,48.5
2007_10_CHI_OAK,-3.5,38.5
2007_10_IND_SD,-3.5,48.0
2007_10_SF_SEA,9.0,37.5
2007_11_TB_ATL,-3.0,35.5
2007_11_CLE_BAL,-2.0,43.5
2007_11_ARI_CIN,3.0,48.5
2007_11_NYG_DET,-2.5,48.0
2007_11_CAR_GB,10.0,37.5
2007_11_NO_HOU,1.5,50.0
2007_11_KC_IND,14.5,41.5
2007_11_SD_JAX,3.0,40.5
2007_11_OAK_MIN,4.5,35.5
2007_11_MIA_PHI,9.5,40.5
2007_11_PIT_NYJ,-9.0,40.5
2007_11_WAS_DAL,11.0,47.0
2007_11_CHI_SEA,6.0,38.0
2007_11_STL_SF,-3.0,39.5
2007_11_NE_BUF,-16.5,47.0
2007_11_TEN_DEN,1.0,38.5
2007_12_GB_DET,-3.0,47.5
2007_12_NYJ_DAL,14.5,48.0
2007_12_IND_ATL,-13.5,42.0
2007_12_NO_CAR,-3.0,41.5
2007_12_TEN_CIN,-0.0,47.0
2007_12_HOU_CLE,3.0,52.0
2007_12_BUF_JAX,8.5,37.0
2007_12_OAK_KC,4.0,34.5
2007_12_MIN_NYG,7.0,40.5
2007_12_SEA_STL,-3.0,45.5
2007_12_WAS_TB,3.0,38.0
2007_12_SF_ARI,10.5,37.5
2007_12_DEN_CHI,1.0,42.0
2007_12_BAL_SD,9.0,38.5
2007_12_PHI_NE,24.5,51.5
2007_12_MIA_PIT,15.5,37.5
2007_13_GB_DAL,7.0,51.5
2007_13_SF_CAR,3.0,35.5
2007_13_JAX_IND,6.5,45.0
2007_13_SD_KC,-5.5,37.0
2007_13_NYJ_MIA,2.0,37.0
2007_13_DET_MIN,5.5,44.5
2007_13_SEA_PHI,3.0,41.0
2007_13_ATL_STL,3.0,40.5
2007_13_HOU_TEN,3.5,40.0
2007_13_BUF_WAS,6.5,37.0
2007_13_CLE_ARI,1.0,52.5
2007_13_DEN_OAK,-4.0,42.0
2007_13_NYG_CHI,-1.5,39.5
2007_13_TB_NO,5.5,41.5
2007_13_CIN_PIT,7.0,40.5
2007_13_NE_BAL,-19.0,46.5
2007_14_CHI_WAS,3.0,39.5
2007_14_MIA_BUF,7.0,34.5
2007_14_STL_CIN,10.0,45.5
2007_14_DAL_DET,-10.5,51.0
2007_14_OAK_GB,10.5,40.5
2007_14_TB_HOU,-3.0,40.0
2007_14_CAR_JAX,11.0,39.0
2007_14_NYG_PHI,3.0,42.0
2007_14_SD_TEN,-1.5,40.0
2007_14_ARI_SEA,7.5,44.5
2007_14_MIN_SF,-8.5,39.0
2007_14_KC_DEN,7.5,37.5
2007_14_PIT_NE,11.0,49.0
2007_14_CLE_NYJ,-3.5,47.5
2007_14_IND_BAL,-8.5,42.0
2007_14_NO_ATL,-4.0,44.0
2007_15_DEN_HOU,-2.5,47.5
2007_15_CIN_SF,-9.0,42.5
2007_15_SEA_CAR,-7.5,37.0
2007_15_BUF_CLE,4.5,36.0
2007_15_TEN_KC,-3.5,34.5
2007_15_BAL_MIA,-3.0,37.0
2007_15_NYJ_NE,20.0,41.5
2007_15_ARI_NO,4.0,49.5
2007_15_JAX_PIT,3.0,34.5
2007_15_GB_STL,-7.0,47.0
2007_15_ATL_TB,13.0,37.5
2007_15_IND_OAK,-10.0,45.0
2007_15_PHI_DAL,10.0,49.0
2007_15_DET_SD,9.5,46.0
2007_15_WAS_NYG,6.0,36.0
2007_15_CHI_MIN,10.5,43.5
2007_16_PIT_STL,-8.0,43.5
2007_16_DAL_CAR,-10.5,42.5
2007_16_NYG_BUF,-2.5,32.0
2007_16_GB_CHI,-7.5,32.0
2007_16_CLE_CIN,-2.5,43.5
2007_16_KC_DET,6.0,43.5
2007_16_HOU_IND,7.0,45.0
2007_16_OAK_JAX,14.0,40.0
2007_16_PHI_NO,3.0,47.5
2007_16_ATL_ARI,11.0,44.0
2007_16_TB_SF,-6.5,37.0
2007_16_MIA_NE,22.0,45.0
2007_16_BAL_SEA,12.0,39.0
2007_16_NYJ_TEN,8.0,37.0
2007_16_WAS_MIN,6.0,40.5
2007_16_DEN_SD,9.5,47.5
2007_17_NE_NYG,-13.5,47.0
2007_17_SEA_ATL,-2.0,38.5
2007_17_NO_CHI,1.0,41.5
2007_17_SF_CLE,11.5,41.0
2007_17_DET_GB,3.5,39.0
2007_17_JAX_HOU,7.0,42.0
2007_17_CIN_MIA,-2.5,45.5
2007_17_BUF_PHI,9.0,39.5
2007_17_CAR_TB,-3.0,35.5
2007_17_STL_ARI,6.0,48.5
2007_17_PIT_BAL,-3.5,34.5
2007_17_MIN_DEN,-3.0,41.0
2007_17_KC_NYJ,5.0,35.0
2007_17_SD_OAK,-9.5,41.0
2007_17_DAL_WAS,9.0,38.5
2007_17_TEN_IND,-4.5,40.5
2008_01_WAS_NYG,4.5,41.0
2008_01_DET_ATL,-3.0,41.0
2008_01_CIN_BAL,-2.0,37.5
2008_01_SEA_BUF,1.5,37.5
2008_01_NYJ_MIA,-3.0,37.0
2008_01_KC_NE,16.0,43.5
2008_01_TB_NO,3.0,42.5
2008_01_STL_PHI,9.0,43.5
2008_01_HOU_PIT,6.5,43.5
2008_01_JAX_TEN,-3.0,37.0
2008_01_DAL_CLE,-6.0,48.5
2008_01_CAR_SD,9.0,41.0
2008_01_ARI_SF,-2.5,42.5
2008_01_CHI_IND,10.5,43.0
2008_01_MIN_GB,2.5,37.5
2008_01_DEN_OAK,-3.0,40.5
2008_02_CHI_CAR,3.0,37.0
2008_02_TEN_CIN,-0.0,37.0
2008_02_GB_DET,-3.0,46.5
2008_02_BUF_JAX,4.5,37.0
2008_02_OAK_KC,3.5,36.0
2008_02_IND_MIN,-1.5,43.5
2008_02_NYG_STL,-8.5,43.5
2008_02_NO_WAS,1.0,43.0
2008_02_SF_SEA,6.5,38.0
2008_02_ATL_TB,7.0,37.5
2008_02_MIA_ARI,6.5,40.5
2008_02_SD_DEN,1.0,46.0
2008_02_NE_NYJ,-1.0,37.5
2008_02_PIT_CLE,-6.5,43.5
2008_02_PHI_DAL,6.5,46.5
2008_03_KC_ATL,6.5,37.0
2008_03_OAK_BUF,10.0,36.5
2008_03_TB_CHI,3.0,35.0
2008_03_CAR_MIN,3.0,37.5
2008_03_MIA_NE,12.5,37.0
2008_03_CIN_NYG,13.0,42.0
2008_03_HOU_TEN,5.0,40.0
2008_03_ARI_WAS,3.0,43.5
2008_03_NO_DEN,5.5,51.5
2008_03_STL_SEA,8.5,44.0
2008_03_DET_SF,5.0,47.0
2008_03_CLE_BAL,2.5,37.0
2008_03_JAX_IND,4.5,42.0
2008_03_PIT_PHI,3.5,44.5
2008_03_DAL_GB,-3.0,50.5
2008_03_NYJ_SD,8.0,46.5
2008_04_ATL_CAR,7.0,39.0
2008_04_CLE_CIN,1.0,42.0
2008_04_HOU_JAX,6.5,43.0
2008_04_DEN_KC,-9.0,47.0
2008_04_SF_NO,4.5,48.5
2008_04_ARI_NYJ,1.0,43.5
2008_04_GB_TB,2.0,43.0
2008_04_MIN_TEN,3.0,35.5
2008_04_SD_OAK,-8.0,45.5
2008_04_BUF_STL,-8.5,43.5
2008_04_WAS_DAL,10.5,46.5
2008_04_PHI_CHI,-3.0,39.0
2008_04_BAL_PIT,6.0,34.5
2008_05_TEN_BAL,-1.0,33.5
2008_05_KC_CAR,9.5,38.0
2008_05_CHI_DET,-3.5,45.5
2008_05_ATL_GB,5.5,42.0
2008_05_IND_HOU,-4.0,48.5
2008_05_SD_MIA,-6.0,44.5
2008_05_SEA_NYG,6.5,43.5
2008_05_WAS_PHI,6.5,42.0
2008_05_TB_DEN,3.5,47.0
2008_05_BUF_ARI,2.5,44.5
2008_05_CIN_DAL,16.0,46.5
2008_05_NE_SF,-3.0,41.0
2008_05_PIT_JAX,5.5,38.0
2008_05_MIN_NO,3.0,47.0
2008_06_CHI_ATL,-3.0,43.0
2008_06_MIA_HOU,3.0,45.0
2008_06_BAL_IND,4.0,39.0
2008_06_DET_MIN,13.0,44.5
2008_06_OAK_NO,7.0,47.0
2008_06_CIN_NYJ,9.5,43.0
2008_06_CAR_TB,2.0,37.0
2008_06_STL_WAS,11.5,44.0
2008_06_JAX_DEN,3.0,48.5
2008_06_DAL_ARI,-5.0,53.5
2008_06_GB_SEA,1.0,44.5
2008_06_PHI_SF,-5.0,41.5
2008_06_NE_SD,6.0,44.5
2008_06_NYG_CLE,-7.5,43.0
2008_07_SD_BUF,-0.0,44.5
2008_07_NO_CAR,3.0,44.5
2008_07_MIN_CHI,3.0,38.0
2008_07_PIT_CIN,-8.0,36.0
2008_07_TEN_KC,-8.5,35.0
2008_07_BAL_MIA,3.0,36.0
2008_07_SF_NYG,10.5,46.5
2008_07_DAL_STL,-8.0,45.0
2008_07_DET_HOU,11.0,47.5
2008_07_IND_GB,-2.5,47.0
2008_07_NYJ_OAK,-3.0,41.5
2008_07_CLE_WAS,7.0,42.0
2008_07_SEA_TB,11.5,40.0
2008_07_DEN_NE,3.0,48.0
2008_08_OAK_BAL,8.0,35.0
2008_08_ARI_CAR,5.0,43.0
2008_08_TB_DAL,1.5,40.5
2008_08_WAS_DET,-7.5,42.0
2008_08_BUF_MIA,-0.0,42.0
2008_08_STL_NE,8.5,41.0
2008_08_SD_NO,-3.0,46.0
2008_08_KC_NYJ,14.0,41.0
2008_08_ATL_PHI,9.0,45.0
2008_08_CIN_HOU,9.0,45.0
2008_08_CLE_JAX,7.0,42.0
2008_08_NYG_PIT,3.0,41.0
2008_08_SEA_SF,5.5,41.5
2008_08_IND_TEN,4.0,41.0
2008_09_NYJ_BUF,5.0,43.5
2008_09_DET_CHI,12.5,43.5
2008_09_JAX_CIN,-7.0,40.0
2008_09_BAL_CLE,3.0,36.5
2008_09_TB_KC,-9.5,36.5
2008_09_HOU_MIN,5.5,46.5
2008_09_ARI_STL,-3.0,49.5
2008_09_GB_TEN,3.5,41.0
2008_09_MIA_DEN,4.0,50.0
2008_09_DAL_NYG,8.5,42.0
2008_09_ATL_OAK,-3.0,41.5
2008_09_PHI_SEA,-7.0,43.5
2008_09_NE_IND,6.5,44.5
2008_09_PIT_WAS,2.5,37.5
2008_10_DEN_CLE,3.0,47.0
2008_10_NO_ATL,1.5,51.0
2008_10_TEN_CHI,-3.0,37.0
2008_10_JAX_DET,-6.0,43.0
2008_10_BAL_HOU,2.0,43.5
2008_10_SEA_MIA,8.0,41.5
2008_10_GB_MIN,2.5,44.5
2008_10_BUF_NE,3.5,41.5
2008_10_STL_NYJ,9.5,43.5
2008_10_CAR_OAK,-10.0,37.5
2008_10_IND_PIT,3.0,39.0
2008_10_KC_SD,14.5,47.5
2008_10_NYG_PHI,3.0,43.0
2008_10_SF_ARI,10.0,47.5
2008_11_NYJ_NE,3.0,40.5
2008_11_DEN_ATL,6.5,51.5
2008_11_DET_CAR,14.0,40.0
2008_11_PHI_CIN,-9.0,41.0
2008_11_CHI_GB,3.5,43.0
2008_11_HOU_IND,7.5,50.5
2008_11_NO_KC,-6.0,50.5
2008_11_OAK_MIA,10.0,38.0
2008_11_BAL_NYG,7.0,40.5
2008_11_MIN_TB,5.0,39.0
2008_11_ARI_SEA,-3.0,48.0
2008_11_STL_SF,7.0,43.5
2008_11_TEN_JAX,-3.0,40.0
2008_11_SD_PIT,4.5,40.5
2008_11_DAL_WAS,-2.0,43.0
2008_11_CLE_BUF,5.0,40.5
2008_12_CIN_PIT,11.5,34.5
2008_12_PHI_BAL,2.0,39.5
2008_12_HOU_CLE,3.0,50.0
2008_12_SF_DAL,9.5,46.0
2008_12_TB_DET,-8.0,42.0
2008_12_MIN_JAX,2.0,41.0
2008_12_BUF_KC,-3.0,43.0
2008_12_NE_MIA,-2.0,42.5
2008_12_CHI_STL,-7.5,44.5
2008_12_NYJ_TEN,5.5,41.0
2008_12_OAK_DEN,8.5,43.5
2008_12_NYG_ARI,-3.0,48.5
2008_12_CAR_ATL,-0.0,41.5
2008_12_WAS_SEA,-3.0,40.5
2008_12_IND_SD,3.0,49.5
2008_12_GB_NO,-0.0,52.0
2008_13_TEN_DET,-11.0,44.0
2008_13_SEA_DAL,12.0,46.5
2008_13_ARI_PHI,3.0,49.0
2008_13_SF_BUF,6.5,43.0
2008_13_BAL_CIN,-7.0,35.5
2008_13_IND_CLE,-4.5,43.5
2008_13_CAR_GB,3.0,41.5
2008_13_MIA_STL,-7.0,44.0
2008_13_NO_TB,4.0,44.0
2008_13_NYG_WAS,-3.5,41.0
2008_13_ATL_SD,6.5,48.0
2008_13_PIT_NE,2.0,40.0
2008_13_DEN_NYJ,7.5,48.0
2008_13_KC_OAK,3.0,41.5
2008_13_CHI_MIN,5.0,42.0
2008_13_JAX_HOU,3.0,48.5
2008_14_OAK_SD,9.5,41.0
2008_14_JAX_CHI,6.5,40.0
2008_14_MIN_DET,-10.5,45.0
2008_14_HOU_GB,7.0,47.5
2008_14_CIN_IND,13.5,41.5
2008_14_ATL_NO,3.0,52.0
2008_14_PHI_NYG,6.5,40.5
2008_14_CLE_TEN,14.0,37.0
2008_14_MIA_BUF,1.5,42.5
2008_14_KC_DEN,9.0,49.0
2008_14_NE_SEA,-7.0,42.5
2008_14_NYJ_SF,-4.5,45.0
2008_14_STL_ARI,15.0,48.5
2008_14_DAL_PIT,4.0,38.5
2008_14_WAS_BAL,6.5,35.0
2008_14_TB_CAR,3.0,40.0
2008_15_NO_CHI,3.0,46.0
2008_15_TB_ATL,5.5,43.5
2008_15_WAS_CIN,-6.5,36.5
2008_15_TEN_HOU,-3.0,45.0
2008_15_DET_IND,17.0,45.0
2008_15_GB_JAX,-3.0,46.0
2008_15_SD_KC,-5.5,41.0
2008_15_SF_MIA,5.5,41.0
2008_15_BUF_NYJ,8.0,41.5
2008_15_SEA_STL,-2.0,43.0
2008_15_MIN_ARI,4.5,47.0
2008_15_PIT_BAL,3.0,34.0
2008_15_DEN_CAR,8.0,48.0
2008_15_NE_OAK,-7.0,39.0
2008_15_NYG_DAL,3.0,46.5
2008_15_CLE_PHI,15.5,40.0
2008_16_IND_JAX,-6.0,43.5
2008_16_BAL_DAL,5.5,39.0
2008_16_CIN_CLE,2.5,31.0
2008_16_NO_DET,-7.0,50.5
2008_16_MIA_KC,-3.0,37.0
2008_16_ARI_NE,8.0,41.5
2008_16_SF_STL,-3.5,42.5
2008_16_SD_TB,4.0,42.5
2008_16_PIT_TEN,-3.0,34.0
2008_16_BUF_DEN,6.5,46.5
2008_16_HOU_OAK,-7.0,43.5
2008_16_NYJ_SEA,-3.5,41.5
2008_16_ATL_MIN,3.0,43.5
2008_16_PHI_WAS,-5.5,37.5
2008_16_CAR_NYG,4.0,38.0
2008_16_GB_CHI,4.0,41.0
2008_17_STL_ATL,14.0,44.5
2008_17_NE_BUF,-5.5,34.5
2008_17_KC_CIN,1.5,40.0
2008_17_DET_GB,11.0,41.5
2008_17_CHI_HOU,3.0,46.5
2008_17_TEN_IND,-3.0,38.5
2008_17_NYG_MIN,7.0,41.0
2008_17_CAR_NO,-2.0,51.5
2008_17_CLE_PIT,11.5,33.5
2008_17_OAK_TB,11.0,39.5
2008_17_SEA_ARI,7.0,46.5
2008_17_JAX_BAL,11.0,37.5
2008_17_MIA_NYJ,2.5,43.0
2008_17_DAL_PHI,2.0,41.0
2008_17_WAS_SF,2.5,37.0
2008_17_DEN_SD,7.0,50.5
2009_01_TEN_PIT,6.5,36.0
2009_01_MIA_ATL,4.0,44.0
2009_01_KC_BAL,13.0,36.5
2009_01_PHI_CAR,-2.5,43.5
2009_01_DEN_CIN,4.5,41.0
2009_01_MIN_CLE,-4.0,40.0
2009_01_NYJ_HOU,4.5,44.5
2009_01_JAX_IND,6.5,45.5
2009_01_DET_NO,14.0,50.0
2009_01_DAL_TB,-5.5,40.0
2009_01_SF_ARI,5.0,46.0
2009_01_WAS_NYG,6.5,37.0
2009_01_STL_SEA,7.5,41.0
2009_01_CHI_GB,4.5,47.0
2009_01_BUF_NE,13.0,47.5
2009_01_SD_OAK,-10.5,43.0
2009_02_CAR_ATL,6.0,43.0
2009_02_MIN_DET,-10.0,45.5
2009_02_CIN_GB,7.5,42.0
2009_02_ARI_JAX,3.0,44.0
2009_02_OAK_KC,2.5,39.5
2009_02_NE_NYJ,-3.5,45.0
2009_02_NO_PHI,-3.0,46.0
2009_02_HOU_TEN,7.0,41.0
2009_02_STL_WAS,9.5,37.0
2009_02_TB_BUF,4.0,42.0
2009_02_SEA_SF,1.0,39.5
2009_02_PIT_CHI,-3.0,38.5
2009_02_CLE_DEN,3.0,38.5
2009_02_BAL_SD,1.0,41.0
2009_02_NYG_DAL,3.0,45.0
2009_02_IND_MIA,-3.0,41.5
2009_03_CLE_BAL,13.5,39.0
2009_03_WAS_DET,-6.0,39.0
2009_03_JAX_HOU,4.0,47.0
2009_03_SF_MIN,6.5,39.0
2009_03_ATL_NE,4.5,45.5
2009_03_TEN_NYJ,1.0,36.0
2009_03_KC_PHI,7.5,38.5
2009_03_GB_STL,-6.5,42.5
2009_03_NYG_TB,-6.5,46.0
2009_03_NO_BUF,-6.0,51.0
2009_03_CHI_SEA,-3.0,37.5
2009_03_PIT_CIN,-3.5,36.5
2009_03_DEN_OAK,-2.5,38.0
2009_03_MIA_SD,5.0,45.0
2009_03_IND_ARI,3.0,49.5
2009_03_CAR_DAL,8.5,48.5
2009_04_DET_CHI,10.0,43.0
2009_04_CIN_CLE,-6.5,37.5
2009_04_OAK_HOU,8.5,42.5
2009_04_SEA_IND,10.0,43.5
2009_04_TEN_JAX,-3.0,42.0
2009_04_NYG_KC,-9.0,43.0
2009_04_BAL_NE,2.0,45.5
2009_04_TB_WAS,9.0,36.0
2009_04_BUF_MIA,1.0,37.0
2009_04_NYJ_NO,7.5,47.0
2009_04_DAL_DEN,-2.5,43.5
2009_04_STL_SF,9.5,37.0
2009_04_SD_PIT,5.5,43.5
2009_04_GB_MIN,4.5,46.5
2009_05_CIN_BAL,9.0,42.5
2009_05_CLE_BUF,5.5,42.0
2009_05_WAS_CAR,5.0,38.0
2009_05_PIT_DET,-11.0,44.0
2009_05_DAL_KC,-7.0,43.5
2009_05_OAK_NYG,15.5,38.0
2009_05_TB_PHI,15.5,42.0
2009_05_MIN_STL,-10.5,41.0
2009_05_ATL_SF,1.0,39.5
2009_05_HOU_ARI,6.0,50.5
2009_05_NE_DEN,-3.0,41.5
2009_05_JAX_SEA,1.5,44.0
2009_05_IND_TEN,-4.0,44.5
2009_05_NYJ_MIA,-3.0,36.5
2009_06_HOU_CIN,4.0,46.0
2009_06_DET_GB,14.0,48.0
2009_06_STL_JAX,9.5,42.5
2009_06_BAL_MIN,3.0,45.5
2009_06_NYG_NO,3.0,47.5
2009_06_CLE_PIT,14.0,38.0
2009_06_CAR_TB,-3.0,40.5
2009_06_KC_WAS,6.0,36.5
2009_06_PHI_OAK,-14.5,40.5
2009_06_ARI_SEA,3.0,45.5
2009_06_TEN_NE,9.0,38.5
2009_06_BUF_NYJ,9.5,35.5
2009_06_CHI_ATL,4.0,46.5
2009_06_DEN_SD,3.5,45.0
2009_07_GB_CLE,-9.0,41.5
2009_07_SF_HOU,3.0,44.5
2009_07_SD_KC,-5.5,44.0
2009_07_MIN_PIT,6.0,46.5
2009_07_IND_STL,-14.0,45.0
2009_07_NE_TB,-15.5,44.5
2009_07_BUF_CAR,7.0,37.0
2009_07_NYJ_OAK,-6.0,34.0
2009_07_CHI_CIN,-1.5,42.5
2009_07_ATL_DAL,5.0,48.0
2009_07_NO_MIA,-6.5,48.0
2009_07_ARI_NYG,8.0,47.0
2009_07_PHI_WAS,-8.5,38.0
2009_08_DEN_BAL,4.5,42.5
2009_08_HOU_BUF,-3.5,41.5
2009_08_CLE_CHI,12.0,40.0
2009_08_SEA_DAL,10.0,46.0
2009_08_STL_DET,3.0,43.5
2009_08_SF_IND,13.0,45.0
2009_08_MIA_NYJ,3.5,40.5
2009_08_NYG_PHI,-2.5,44.0
2009_08_OAK_SD,16.0,41.5
2009_08_JAX_TEN,3.0,44.5
2009_08_CAR_ARI,10.0,43.5
2009_08_MIN_GB,3.5,47.5
2009_08_ATL_NO,11.0,56.0
2009_09_WAS_ATL,8.5,41.0
2009_09_ARI_CHI,2.0,45.0
2009_09_BAL_CIN,-3.0,45.0
2009_09_HOU_IND,7.5,50.5
2009_09_KC_JAX,7.0,41.5
2009_09_MIA_NE,11.0,47.0
2009_09_GB_TB,-10.0,43.0
2009_09_CAR_NO,11.5,51.0
2009_09_DET_SEA,11.0,42.0
2009_09_SD_NYG,5.0,48.5
2009_09_TEN_SF,4.5,40.5
2009_09_DAL_PHI,3.0,49.5
2009_09_PIT_DEN,-3.0,41.5
2009_10_CHI_SF,3.0,43.0
2009_10_ATL_CAR,-1.5,44.0
2009_10_TB_MIA,10.0,42.5
2009_10_DET_MIN,17.0,47.5
2009_10_JAX_NYJ,6.5,41.0
2009_10_CIN_PIT,7.0,41.5
2009_10_NO_STL,-14.0,50.5
2009_10_BUF_TEN,7.5,41.0
2009_10_DEN_WAS,-3.5,36.5
2009_10_KC_OAK,2.5,36.5
2009_10_SEA_ARI,8.5,46.5
2009_10_DAL_GB,-3.0,48.0
2009_10_PHI_SD,1.0,47.0
2009_10_NE_IND,2.0,49.0
2009_10_BAL_CLE,-11.0,39.5
2009_11_MIA_CAR,3.5,42.0
2009_11_IND_BAL,-1.5,44.5
2009_11_WAS_DAL,10.5,41.5
2009_11_CLE_DET,3.0,37.5
2009_11_SF_GB,6.0,41.5
2009_11_BUF_JAX,8.5,41.0
2009_11_PIT_KC,-11.5,39.5
2009_11_SEA_MIN,10.5,47.0
2009_11_ATL_NYG,7.0,46.5
2009_11_NO_TB,-10.5,51.0
2009_11_ARI_STL,-9.0,47.0
2009_11_SD_DEN,-6.0,41.5
2009_11_NYJ_NE,11.0,45.5
2009_11_CIN_OAK,-8.5,36.0
2009_11_PHI_CHI,-3.5,47.0
2009_11_TEN_HOU,3.5,48.0
2009_12_GB_DET,-11.5,48.5
2009_12_OAK_DAL,13.5,40.5
2009_12_NYG_DEN,-4.5,43.5
2009_12_TB_ATL,12.5,46.0
2009_12_MIA_BUF,-3.5,38.5
2009_12_CLE_CIN,12.5,39.5
2009_12_IND_HOU,-3.0,48.0
2009_12_CAR_NYJ,3.5,41.5
2009_12_WAS_PHI,10.0,40.5
2009_12_SEA_STL,-3.5,42.5
2009_12_KC_SD,13.5,45.0
2009_12_JAX_SF,3.0,42.0
2009_12_CHI_MIN,10.5,47.0
2009_12_ARI_TEN,3.5,44.5
2009_12_PIT_BAL,7.5,35.0
2009_12_NE_NO,2.0,57.5
2009_13_NYJ_BUF,-3.5,37.0
2009_13_PHI_ATL,-4.5,43.5
2009_13_TB_CAR,4.0,40.0
2009_13_STL_CHI,9.0,41.0
2009_13_DET_CIN,13.5,42.0
2009_13_TEN_IND,6.0,47.0
2009_13_HOU_JAX,-1.5,47.5
2009_13_DEN_KC,-6.0,39.0
2009_13_NE_MIA,-5.5,46.0
2009_13_OAK_PIT,15.0,37.0
2009_13_NO_WAS,-9.0,47.0
2009_13_SD_CLE,-14.0,42.5
2009_13_DAL_NYG,-1.5,45.5
2009_13_SF_SEA,-1.0,41.5
2009_13_MIN_ARI,-3.5,48.5
2009_13_BAL_GB,3.5,43.0
2009_14_PIT_CLE,-9.5,34.0
2009_14_NO_ATL,-10.0,50.0
2009_14_DET_BAL,14.0,40.0
2009_14_GB_CHI,-4.0,41.5
2009_14_SEA_HOU,7.0,44.5
2009_14_DEN_IND,6.5,43.5
2009_14_MIA_JAX,2.0,43.0
2009_14_BUF_KC,-2.5,38.0
2009_14_CIN_MIN,6.0,42.5
2009_14_CAR_NE,12.5,43.5
2009_14_NYJ_TB,-3.5,36.5
2009_14_WAS_OAK,-2.0,37.5
2009_14_STL_TEN,14.0,40.0
2009_14_SD_DAL,3.5,49.0
2009_14_PHI_NYG,-1.0,43.0
2009_14_ARI_SF,-4.0,45.0
2009_15_IND_JAX,-3.0,43.0
2009_15_DAL_NO,7.5,53.5
2009_15_NE_BUF,-7.0,41.0
2009_15_ARI_DET,-14.0,47.0
2009_15_CLE_KC,2.5,38.5
2009_15_ATL_NYJ,5.5,36.0
2009_15_HOU_STL,-14.0,43.5
2009_15_MIA_TEN,5.0,43.0
2009_15_OAK_DEN,14.0,37.0
2009_15_CIN_SD,7.0,44.0
2009_15_CHI_BAL,11.0,39.5
2009_15_SF_PHI,7.5,41.0
2009_15_GB_PIT,3.0,42.0
2009_15_TB_SEA,6.5,39.0
2009_15_MIN_CAR,-8.5,42.5
2009_15_NYG_WAS,-3.0,44.0
2009_16_SD_TEN,1.5,47.5
2009_16_BUF_ATL,8.0,40.0
2009_16_KC_CIN,13.5,39.5
2009_16_OAK_CLE,3.0,37.0
2009_16_SEA_GB,13.5,43.5
2009_16_HOU_MIA,1.5,46.5
2009_16_JAX_NE,9.5,44.0
2009_16_TB_NO,14.0,48.5
2009_16_CAR_NYG,8.5,42.5
2009_16_BAL_PIT,3.0,43.0
2009_16_STL_ARI,16.5,43.5
2009_16_DET_SF,14.0,41.0
2009_16_NYJ_IND,3.0,40.5
2009_16_DEN_PHI,7.0,43.5
2009_16_DAL_WAS,-7.0,42.0
2009_16_MIN_CHI,-8.5,41.5
2009_17_IND_BUF,8.0,32.0
2009_17_NO_CAR,10.0,41.0
2009_17_JAX_CLE,2.0,35.0
2009_17_CHI_DET,-4.5,44.5
2009_17_NE_HOU,8.0,46.5
2009_17_PIT_MIA,-3.0,45.5
2009_17_NYG_MIN,8.0,48.0
2009_17_SF_STL,-7.0,39.5
2009_17_ATL_TB,-3.0,42.0
2009_17_GB_ARI,3.0,42.0
2009_17_PHI_DAL,3.0,47.5
2009_17_KC_DEN,9.0,38.0
2009_17_BAL_OAK,-10.0,39.0
2009_17_WAS_SD,3.0,39.0
2009_17_TEN_SEA,-6.0,45.0
2009_17_CIN_NYJ,10.0,33.5
2010_01_MIN_NO,5.0,49.0
2010_01_MIA_BUF,-3.0,39.0
2010_01_DET_CHI,6.5,44.5
2010_01_IND_HOU,-1.5,48.0
2010_01_DEN_JAX,3.0,41.5
2010_01_CIN_NE,5.0,45.0
2010_01_CAR_NYG,5.5,40.5
2010_01_ATL_PIT,-1.0,39.0
2010_01_CLE_TB,3.0,37.0
2010_01_OAK_TEN,6.5,39.5
2010_01_GB_PHI,-3.0,48.0
2010_01_SF_SEA,-3.0,37.0
2010_01_ARI_STL,-3.0,39.0
2010_01_DAL_WAS,-3.5,40.0
2010_01_BAL_NYJ,1.0,36.0
2010_01_SD_KC,-4.0,45.5
2010_02_ARI_ATL,7.0,43.0
2010_02_TB_CAR,4.0,38.0
2010_02_BAL_CIN,-3.0,39.5
2010_02_KC_CLE,3.0,38.0
2010_02_CHI_DAL,7.0,41.5
2010_02_PHI_DET,-6.5,41.0
2010_02_BUF_GB,12.5,43.0
2010_02_MIA_MIN,5.5,41.0
2010_02_PIT_TEN,6.0,37.0
2010_02_SEA_DEN,3.0,41.0
2010_02_STL_OAK,3.5,37.5
2010_02_NE_NYJ,-3.0,39.5
2010_02_JAX_SD,7.0,45.0
2010_02_HOU_WAS,-2.5,43.0
2010_02_NYG_IND,4.5,48.0
2010_02_NO_SF,-4.5,44.0
2010_03_CLE_BAL,12.5,36.5
2010_03_CIN_CAR,-3.5,37.0
2010_03_DAL_HOU,2.5,47.5
2010_03_SF_KC,-3.0,38.0
2010_03_DET_MIN,13.0,43.0
2010_03_BUF_NE,14.5,43.0
2010_03_ATL_NO,3.0,49.0
2010_03_TEN_NYG,3.0,43.5
2010_03_PIT_TB,-2.5,33.0
2010_03_PHI_JAX,-2.5,45.0
2010_03_WAS_STL,-5.0,39.0
2010_03_OAK_ARI,5.5,39.0
2010_03_IND_DEN,-6.0,47.0
2010_03_SD_SEA,-3.5,44.0
2010_03_NYJ_MIA,2.5,36.0
2010_03_GB_CHI,-3.0,45.5
2010_04_SF_ATL,7.0,42.5
2010_04_NYJ_BUF,-5.5,36.5
2010_04_CIN_CLE,-2.0,36.5
2010_04_DET_GB,14.5,46.0
2010_04_CAR_NO,12.5,43.5
2010_04_BAL_PIT,2.5,34.5
2010_04_SEA_STL,-2.0,40.0
2010_04_DEN_TEN,6.5,43.5
2010_04_IND_JAX,-7.0,45.5
2010_04_HOU_OAK,-3.0,43.5
2010_04_WAS_PHI,5.0,44.0
2010_04_ARI_SD,10.0,47.0
2010_04_CHI_NYG,3.5,44.5
2010_04_NE_MIA,-0.0,48.5
2010_05_DEN_BAL,8.0,39.5
2010_05_JAX_BUF,2.5,41.5
2010_05_CHI_CAR,3.0,33.0
2010_05_TB_CIN,6.5,38.0
2010_05_ATL_CLE,-3.0,41.5
2010_05_STL_DET,3.0,43.5
2010_05_NYG_HOU,3.0,48.5
2010_05_KC_IND,7.5,46.0
2010_05_GB_WAS,-3.0,45.0
2010_05_NO_ARI,-7.0,45.5
2010_05_TEN_DAL,7.0,43.5
2010_05_SD_OAK,-7.0,44.5
2010_05_PHI_SF,3.5,39.5
2010_05_MIN_NYJ,4.0,38.0
2010_06_SEA_CHI,6.0,37.5
2010_06_MIA_GB,3.0,44.0
2010_06_KC_HOU,4.5,46.0
2010_06_BAL_NE,3.0,44.5
2010_06_DET_NYG,10.0,45.5
2010_06_ATL_PHI,2.0,43.0
2010_06_CLE_PIT,14.0,37.5
2010_06_SD_STL,-8.5,44.5
2010_06_NO_TB,-5.0,43.5
2010_06_NYJ_DEN,-3.5,43.0
2010_06_OAK_SF,7.5,41.0
2010_06_DAL_MIN,1.5,43.5
2010_06_IND_WAS,-3.0,44.5
2010_06_TEN_JAX,-3.0,43.5
2010_07_CIN_ATL,3.5,43.0
2010_07_BUF_BAL,12.5,39.5
2010_07_SF_CAR,-2.0,35.5
2010_07_WAS_CHI,3.0,40.0
2010_07_JAX_KC,9.0,38.5
2010_07_PIT_MIA,-3.0,40.5
2010_07_CLE_NO,12.5,44.0
2010_07_STL_TB,3.0,39.0
2010_07_PHI_TEN,3.0,41.5
2010_07_ARI_SEA,6.5,40.5
2010_07_OAK_DEN,7.0,42.5
2010_07_NE_SD,2.5,49.0
2010_07_MIN_GB,2.5,44.0
2010_07_NYG_DAL,3.5,45.0
2010_08_MIA_CIN,-0.0,44.5
2010_08_JAX_DAL,6.5,43.5
2010_08_WAS_DET,2.5,45.0
2010_08_BUF_KC,7.0,45.5
2010_08_GB_NYJ,6.5,41.5
2010_08_DEN_SF,2.0,41.5
2010_08_CAR_STL,2.5,37.5
2010_08_TEN_SD,5.5,44.5
2010_08_TB_ARI,3.0,38.0
2010_08_MIN_NE,5.0,44.5
2010_08_SEA_OAK,2.0,40.0
2010_08_PIT_NO,1.5,45.0
2010_08_HOU_IND,5.5,50.5
2010_09_TB_ATL,10.0,45.0
2010_09_MIA_BAL,5.5,41.0
2010_09_CHI_BUF,-3.0,41.5
2010_09_NO_CAR,-6.0,40.5
2010_09_NE_CLE,-4.0,44.0
2010_09_NYJ_DET,-5.5,42.0
2010_09_SD_HOU,-3.0,50.0
2010_09_ARI_MIN,7.5,42.5
2010_09_NYG_SEA,-7.0,40.5
2010_09_KC_OAK,-1.0,41.0
2010_09_IND_PHI,3.0,46.5
2010_09_DAL_GB,7.5,46.0
2010_09_PIT_CIN,-5.0,41.0
2010_10_BAL_ATL,1.0,44.0
2010_10_DET_BUF,1.5,45.0
2010_10_MIN_CHI,-1.0,40.5
2010_10_NYJ_CLE,-3.0,37.0
2010_10_CIN_IND,7.0,47.0
2010_10_HOU_JAX,1.0,48.5
2010_10_TEN_MIA,1.0,43.0
2010_10_CAR_TB,7.0,37.0
2010_10_KC_DEN,-1.0,44.5
2010_10_SEA_ARI,3.5,41.0
2010_10_DAL_NYG,12.0,46.0
2010_10_STL_SF,5.0,38.5
2010_10_NE_PIT,4.5,45.0
2010_10_PHI_WAS,-3.0,44.0
2010_11_CHI_MIA,2.5,40.0
2010_11_BAL_CAR,-13.0,37.0
2010_11_BUF_CIN,4.5,41.0
2010_11_DET_DAL,5.5,47.5
2010_11_CLE_JAX,2.5,43.0
2010_11_ARI_KC,7.0,45.0
2010_11_GB_MIN,-3.0,44.5
2010_11_HOU_NYJ,6.5,46.0
2010_11_OAK_PIT,7.0,41.0
2010_11_WAS_TEN,7.0,44.0
2010_11_SEA_NO,11.0,44.5
2010_11_TB_SF,3.5,41.5
2010_11_ATL_STL,-3.5,43.0
2010_11_IND_NE,4.5,49.5
2010_11_NYG_PHI,3.5,47.5
2010_11_DEN_SD,9.0,50.0
2010_12_NE_DET,-6.0,50.5
2010_12_NO_DAL,-4.5,48.5
2010_12_CIN_NYJ,10.0,43.5
2010_12_GB_ATL,2.0,47.5
2010_12_PIT_BUF,-6.5,43.5
2010_12_CAR_CLE,8.0,37.5
2010_12_TEN_HOU,5.0,46.5
2010_12_JAX_NYG,7.5,43.5
2010_12_MIN_WAS,-2.0,43.5
2010_12_MIA_OAK,3.0,38.0
2010_12_KC_SEA,-1.5,45.0
2010_12_TB_BAL,7.5,41.5
2010_12_PHI_CHI,-3.0,42.0
2010_12_STL_DEN,3.0,46.5
2010_12_SD_IND,2.0,50.5
2010_12_SF_ARI,-2.0,41.5
2010_13_HOU_PHI,8.0,51.0
2010_13_NO_CIN,-6.5,45.0
2010_13_CHI_DET,-5.5,43.5
2010_13_SF_GB,9.0,41.0
2010_13_DEN_KC,8.0,48.0
2010_13_CLE_MIA,5.5,43.5
2010_13_BUF_MIN,5.5,43.5
2010_13_WAS_NYG,7.5,43.0
2010_13_JAX_TEN,3.0,43.5
2010_13_OAK_SD,13.0,45.0
2010_13_STL_ARI,-3.0,44.0
2010_13_DAL_IND,6.0,48.0
2010_13_CAR_SEA,5.0,40.5
2010_13_ATL_TB,-3.0,43.0
2010_13_PIT_BAL,3.0,38.5
2010_13_NYJ_NE,4.0,44.5
2010_14_IND_TEN,-3.5,44.0
2010_14_CLE_BUF,-0.0,39.0
2010_14_ATL_CAR,-7.5,41.5
2010_14_GB_DET,-7.0,46.0
2010_14_OAK_JAX,3.5,41.5
2010_14_CIN_PIT,8.5,39.5
2010_14_TB_WAS,-1.5,41.0
2010_14_STL_NO,9.5,47.0
2010_14_SEA_SF,4.5,42.5
2010_14_DEN_ARI,-4.0,44.5
2010_14_NE_CHI,-3.0,37.0
2010_14_MIA_NYJ,5.0,37.5
2010_14_KC_SD,10.0,45.5
2010_14_PHI_DAL,-4.5,51.0
2010_14_NYG_MIN,-5.0,43.5
2010_14_BAL_HOU,-3.0,46.5
2010_15_SF_SD,10.0,44.5
2010_15_NO_BAL,2.0,45.0
2010_15_ARI_CAR,2.5,37.5
2010_15_CLE_CIN,-0.0,41.5
2010_15_WAS_DAL,9.5,44.0
2010_15_JAX_IND,4.5,48.0
2010_15_BUF_MIA,5.5,40.0
2010_15_PHI_NYG,3.0,47.0
2010_15_KC_STL,3.0,42.5
2010_15_DET_TB,4.0,43.0
2010_15_HOU_TEN,1.5,47.0
2010_15_ATL_SEA,-5.5,46.5
2010_15_DEN_OAK,8.0,41.5
2010_15_NYJ_PIT,3.5,36.0
2010_15_GB_NE,14.5,43.5
2010_15_CHI_MIN,-5.5,34.5
2010_16_CAR_PIT,14.0,37.5
2010_16_DAL_ARI,-7.0,45.0
2010_16_NE_BUF,-7.0,46.0
2010_16_NYJ_CHI,2.5,35.5
2010_16_BAL_CLE,-3.5,40.0
2010_16_WAS_JAX,7.0,45.5
2010_16_TEN_KC,4.0,42.5
2010_16_DET_MIA,3.5,41.5
2010_16_SF_STL,2.5,40.0
2010_16_SD_CIN,-8.0,43.5
2010_16_HOU_DEN,-2.0,49.5
2010_16_IND_OAK,-2.0,46.0
2010_16_NYG_GB,3.0,43.5
2010_16_SEA_TB,5.5,43.0
2010_16_NO_ATL,2.0,50.0
2010_16_MIN_PHI,14.0,44.0
2010_17_CAR_ATL,14.5,41.0
2010_17_CIN_BAL,9.5,43.0
2010_17_PIT_CLE,-6.5,38.0
2010_17_MIN_DET,3.5,44.0
2010_17_OAK_KC,4.5,43.0
2010_17_MIA_NE,4.5,44.0
2010_17_TB_NO,7.0,46.5
2010_17_BUF_NYJ,1.0,38.0
2010_17_SD_DEN,-5.0,47.5
2010_17_CHI_GB,11.5,43.5
2010_17_JAX_HOU,4.5,47.5
2010_17_TEN_IND,8.5,48.0
2010_17_DAL_PHI,-2.0,43.5
2010_17_ARI_SF,6.0,39.0
2010_17_NYG_WAS,-4.5,44.5
2010_17_STL_SEA,-3.0,42.5
2011_01_NO_GB,5.0,47.5
2011_01_PIT_BAL,1.0,37.0
2011_01_ATL_CHI,-2.0,40.5
2011_01_CIN_CLE,7.0,36.5
2011_01_IND_HOU,8.5,44.0
2011_01_TEN_JAX,-1.0,38.0
2011_01_BUF_KC,4.0,39.5
2011_01_PHI_STL,-4.0,44.5
2011_01_DET_TB,1.5,43.5
2011_01_CAR_ARI,6.5,37.5
2011_01_MIN_SD,9.0,44.0
2011_01_SEA_SF,6.0,38.0
2011_01_NYG_WAS,-1.0,40.0
2011_01_DAL_NYJ,6.5,41.0
2011_01_NE_MIA,-7.0,46.5
2011_01_OAK_DEN,3.0,42.5
2011_02_OAK_BUF,3.5,41.0
2011_02_GB_CAR,-10.5,45.0
2011_02_KC_DET,8.0,45.0
2011_02_CLE_IND,-1.5,39.0
2011_02_TB_MIN,1.0,41.0
2011_02_CHI_NO,5.0,46.5
2011_02_JAX_NYJ,9.0,38.0
2011_02_SEA_PIT,14.0,40.0
2011_02_BAL_TEN,-5.5,39.0
2011_02_ARI_WAS,4.5,45.0
2011_02_DAL_SF,-3.0,41.0
2011_02_CIN_DEN,3.0,40.5
2011_02_HOU_MIA,-3.0,47.0
2011_02_SD_NE,6.5,53.5
2011_02_PHI_ATL,-2.5,49.5
2011_02_STL_NYG,7.0,43.5
2011_03_NE_BUF,-7.0,54.0
2011_03_JAX_CAR,3.5,43.0
2011_03_SF_CIN,1.0,38.5
2011_03_MIA_CLE,-1.5,42.5
2011_03_DET_MIN,-3.0,44.5
2011_03_HOU_NO,3.5,51.0
2011_03_NYG_PHI,8.0,46.5
2011_03_DEN_TEN,7.0,44.0
2011_03_NYJ_OAK,-2.5,40.0
2011_03_KC_SD,14.0,44.5
2011_03_BAL_STL,-5.5,42.0
2011_03_GB_CHI,-4.5,45.5
2011_03_ARI_SEA,-3.0,43.0
2011_03_ATL_TB,1.0,45.0
2011_03_PIT_IND,-11.0,40.0
2011_03_WAS_DAL,3.5,45.0
2011_04_CAR_CHI,7.0,42.0
2011_04_BUF_CIN,-3.0,43.0
2011_04_TEN_CLE,1.5,37.5
2011_04_DET_DAL,2.5,46.5
2011_04_PIT_HOU,4.0,46.5
2011_04_NO_JAX,-8.5,45.0
2011_04_MIN_KC,-3.0,40.0
2011_04_SF_PHI,10.0,43.5
2011_04_WAS_STL,-3.0,44.0
2011_04_NYG_ARI,-1.5,45.5
2011_04_ATL_SEA,-6.0,39.5
2011_04_DEN_GB,12.0,46.5
2011_04_NE_OAK,-6.5,55.5
2011_04_MIA_SD,6.5,45.0
2011_04_NYJ_BAL,5.0,43.0
2011_04_IND_TB,10.0,40.5
2011_05_PHI_BUF,-3.0,53.0
2011_05_NO_CAR,-6.5,51.5
2011_05_OAK_HOU,5.0,48.5
2011_05_KC_IND,1.5,38.0
2011_05_CIN_JAX,-2.5,36.5
2011_05_ARI_MIN,3.5,45.0
2011_05_SEA_NYG,10.0,43.5
2011_05_TEN_PIT,3.0,40.0
2011_05_TB_SF,3.0,41.0
2011_05_SD_DEN,-3.5,47.0
2011_05_NYJ_NE,7.5,50.5
2011_05_GB_ATL,-6.0,54.0
2011_05_CHI_DET,6.5,47.5
2011_06_CAR_ATL,3.5,49.5
2011_06_IND_CIN,5.0,40.5
2011_06_SF_DET,5.0,45.0
2011_06_STL_GB,14.0,47.0
2011_06_BUF_NYG,3.5,49.0
2011_06_JAX_PIT,12.5,40.0
2011_06_PHI_WAS,-3.0,46.5
2011_06_HOU_BAL,7.0,44.0
2011_06_CLE_OAK,7.0,45.0
2011_06_DAL_NE,6.5,55.0
2011_06_NO_TB,-6.5,50.0
2011_06_MIN_CHI,2.0,41.5
2011_06_MIA_NYJ,7.0,41.5
2011_07_WAS_CAR,2.5,44.5
2011_07_SEA_CLE,3.0,41.0
2011_07_ATL_DET,4.5,46.5
2011_07_DEN_MIA,-1.0,41.5
2011_07_SD_NYJ,-1.0,43.5
2011_07_CHI_TB,-1.5,44.0
2011_07_HOU_TEN,2.5,44.0
2011_07_PIT_ARI,-4.0,46.0
2011_07_KC_OAK,3.5,41.5
2011_07_STL_DAL,14.0,43.0
2011_07_GB_MIN,-10.5,47.0
2011_07_IND_NO,13.5,49.0
2011_07_BAL_JAX,-10.5,39.0
2011_08_ARI_BAL,11.5,43.0
2011_08_MIN_CAR,3.0,47.0
2011_08_JAX_HOU,10.0,41.0
2011_08_MIA_NYG,9.5,43.0
2011_08_NO_STL,-13.5,48.5
2011_08_IND_TEN,7.5,43.5
2011_08_WAS_BUF,4.0,46.5
2011_08_DET_DEN,-3.0,43.5
2011_08_NE_PIT,-3.0,52.0
2011_08_CIN_SEA,-1.5,37.5
2011_08_CLE_SF,9.0,38.5
2011_08_DAL_PHI,3.0,49.0
2011_08_SD_KC,-3.0,44.5
2011_09_NYJ_BUF,2.5,45.0
2011_09_SEA_DAL,10.5,46.0
2011_09_CLE_HOU,10.5,42.5
2011_09_ATL_IND,-6.5,44.5
2011_09_MIA_KC,5.5,40.5
2011_09_TB_NO,8.5,51.0
2011_09_SF_WAS,-5.0,38.0
2011_09_DEN_OAK,7.0,41.5
2011_09_CIN_TEN,2.5,41.5
2011_09_STL_ARI,1.0,42.0
2011_09_NYG_NE,9.5,51.5
2011_09_GB_SD,-5.5,50.5
2011_09_BAL_PIT,3.5,41.5
2011_09_CHI_PHI,8.0,47.5
2011_10_OAK_SD,7.0,48.0
2011_10_NO_ATL,1.0,50.0
2011_10_TEN_CAR,3.5,47.5
2011_10_PIT_CIN,-3.5,40.0
2011_10_STL_CLE,2.5,36.5
2011_10_BUF_DAL,4.5,48.5
2011_10_JAX_IND,-3.0,37.5
2011_10_DEN_KC,3.0,42.0
2011_10_WAS_MIA,4.0,38.0
2011_10_ARI_PHI,13.0,47.0
2011_10_HOU_TB,-3.5,45.5
2011_10_BAL_SEA,-7.0,38.5
2011_10_DET_CHI,2.5,42.5
2011_10_NYG_SF,4.0,43.0
2011_10_NE_NYJ,2.5,47.0
2011_10_MIN_GB,13.0,50.0
2011_11_NYJ_DEN,-6.0,39.0
2011_11_CIN_BAL,7.0,40.5
2011_11_JAX_CLE,1.5,34.5
2011_11_CAR_DET,7.0,47.5
2011_11_TB_GB,14.0,48.5
2011_11_BUF_MIA,2.5,44.0
2011_11_OAK_MIN,2.0,46.0
2011_11_DAL_WAS,-7.0,42.5
2011_11_ARI_SF,10.0,40.5
2011_11_SEA_STL,3.0,40.5
2011_11_TEN_ATL,6.0,44.0
2011_11_SD_CHI,4.5,45.0
2011_11_PHI_NYG,6.0,45.0
2011_11_KC_NE,17.0,46.5
2011_12_GB_DET,-4.5,55.0
2011_12_MIA_DAL,7.0,45.5
2011_12_SF_BAL,3.5,40.5
2011_12_MIN_ATL,10.0,44.0
2011_12_CLE_CIN,6.5,38.5
2011_12_CAR_IND,-3.5,46.5
2011_12_HOU_JAX,-6.5,37.0
2011_12_BUF_NYJ,9.5,42.5
2011_12_ARI_STL,2.5,40.0
2011_12_TB_TEN,3.0,43.5
2011_12_CHI_OAK,3.0,41.0
2011_12_WAS_SEA,3.0,37.0
2011_12_NE_PHI,-3.0,50.5
2011_12_DEN_SD,4.5,42.0
2011_12_PIT_KC,-11.0,42.0
2011_12_NYG_NO,7.0,51.0
2011_13_PHI_SEA,-3.0,43.5
2011_13_TEN_BUF,1.0,43.5
2011_13_KC_CHI,8.5,35.5
2011_13_ATL_HOU,-2.0,38.0
2011_13_OAK_MIA,3.0,43.0
2011_13_DEN_MIN,1.0,37.5
2011_13_IND_NE,20.5,48.5
2011_13_CIN_PIT,7.0,42.5
2011_13_CAR_TB,-2.0,46.5
2011_13_NYJ_WAS,-3.0,38.5
2011_13_BAL_CLE,-7.0,38.5
2011_13_DAL_ARI,-4.5,47.0
2011_13_GB_NYG,-7.0,54.0
2011_13_STL_SF,14.0,38.5
2011_13_DET_NO,8.5,55.5
2011_13_SD_JAX,-3.0,40.0
2011_14_CLE_PIT,14.0,40.0
2011_14_IND_BAL,16.0,41.5
2011_14_ATL_CAR,-3.0,47.5
2011_14_HOU_CIN,2.5,37.5
2011_14_MIN_DET,10.0,47.0
2011_14_TB_JAX,-3.0,42.0
2011_14_PHI_MIA,3.0,44.5
2011_14_KC_NYJ,11.0,35.5
2011_14_NO_TEN,-3.5,48.0
2011_14_NE_WAS,-7.5,46.5
2011_14_SF_ARI,-3.5,39.5
2011_14_CHI_DEN,3.0,35.5
2011_14_OAK_GB,12.0,50.0
2011_14_BUF_SD,7.0,49.5
2011_14_NYG_DAL,4.5,49.5
2011_14_STL_SEA,8.5,38.0
2011_15_JAX_ATL,13.5,41.5
2011_15_DAL_TB,-7.5,47.0
2011_15_MIA_BUF,-0.0,42.5
2011_15_SEA_CHI,3.5,35.0
2011_15_CAR_HOU,5.0,45.0
2011_15_TEN_IND,-6.5,41.5
2011_15_GB_KC,-11.5,46.0
2011_15_NO_MIN,-7.0,53.5
2011_15_WAS_NYG,6.0,45.5
2011_15_CIN_STL,-7.0,39.0
2011_15_DET_OAK,-3.0,47.5
2011_15_CLE_ARI,6.0,37.0
2011_15_NE_DEN,-7.0,47.5
2011_15_NYJ_PHI,3.0,44.0
2011_15_BAL_SD,-1.0,45.0
2011_15_PIT_SF,3.0,37.0
2011_16_HOU_IND,-7.0,40.5
2011_16_CLE_BAL,11.0,38.5
2011_16_DEN_BUF,-3.0,43.5
2011_16_TB_CAR,8.0,48.5
2011_16_ARI_CIN,4.0,41.0
2011_16_OAK_KC,3.0,43.0
2011_16_MIA_NE,7.0,49.0
2011_16_NYG_NYJ,2.5,46.0
2011_16_STL_PIT,10.0,33.5
2011_16_JAX_TEN,8.0,38.5
2011_16_MIN_WAS,6.0,43.0
2011_16_SD_DET,-0.0,52.5
2011_16_PHI_DAL,-2.5,49.5
2011_16_SF_SEA,-2.5,37.0
2011_16_CHI_GB,13.5,41.0
2011_16_ATL_NO,7.0,53.0
2011_17_DET_GB,-6.5,41.5
2011_17_TEN_HOU,-2.5,38.5
2011_17_IND_JAX,3.0,36.5
2011_17_NYJ_MIA,2.0,39.0
2011_17_CHI_MIN,2.5,42.0
2011_17_BUF_NE,10.5,50.0
2011_17_CAR_NO,7.0,55.0
2011_17_WAS_PHI,7.5,44.5
2011_17_SF_STL,-12.5,34.5
2011_17_SEA_ARI,2.5,40.5
2011_17_TB_ATL,10.0,45.5
2011_17_BAL_CIN,-3.0,37.5
2011_17_PIT_CLE,-7.0,33.0
2011_17_KC_DEN,2.5,37.5
2011_17_SD_OAK,2.5,50.0
2011_17_DAL_NYG,3.0,48.0
2012_01_DAL_NYG,3.5,45.5
2012_01_IND_CHI,10.0,42.5
2012_01_PHI_CLE,-9.0,42.5
2012_01_STL_DET,8.5,46.5
2012_01_MIA_HOU,13.0,41.5
2012_01_ATL_KC,-2.5,43.0
2012_01_JAX_MIN,3.5,38.0
2012_01_WAS_NO,8.5,50.0
2012_01_BUF_NYJ,3.0,39.0
2012_01_NE_TEN,-5.5,48.0
2012_01_SEA_ARI,-3.0,41.0
2012_01_SF_GB,5.0,46.5
2012_01_CAR_TB,-3.0,45.5
2012_01_PIT_DEN,2.5,45.5
2012_01_CIN_BAL,7.0,43.0
2012_01_SD_OAK,1.0,47.5
2012_02_CHI_GB,5.0,50.5
2012_02_KC_BUF,3.0,45.0
2012_02_NO_CAR,-3.0,53.5
2012_02_CLE_CIN,7.0,39.5
2012_02_MIN_IND,-3.0,45.5
2012_02_HOU_JAX,-6.5,40.0
2012_02_OAK_MIA,-1.5,41.0
2012_02_ARI_NE,13.5,47.0
2012_02_TB_NYG,7.5,43.5
2012_02_BAL_PHI,3.0,47.0
2012_02_DAL_SEA,-3.0,42.5
2012_02_WAS_STL,-3.5,42.5
2012_02_NYJ_PIT,4.5,43.0
2012_02_TEN_SD,6.5,43.5
2012_02_DET_SF,7.0,46.0
2012_02_DEN_ATL,3.0,50.5
2012_03_NYG_CAR,2.5,48.5
2012_03_STL_CHI,7.0,42.0
2012_03_BUF_CLE,-3.0,45.0
2012_03_TB_DAL,7.5,45.5
2012_03_JAX_IND,3.0,43.0
2012_03_NYJ_MIA,-2.5,40.5
2012_03_SF_MIN,-7.0,42.5
2012_03_KC_NO,8.5,51.5
2012_03_DET_TEN,-4.0,47.0
2012_03_CIN_WAS,3.0,49.5
2012_03_PHI_ARI,-3.0,42.0
2012_03_ATL_SD,3.0,47.0
2012_03_HOU_DEN,-1.5,43.5
2012_03_PIT_OAK,-3.5,45.0
2012_03_NE_BAL,3.0,48.5
2012_03_GB_SEA,-3.0,45.5
2012_04_CLE_BAL,11.5,43.5
2012_04_CAR_ATL,7.0,48.0
2012_04_NE_BUF,-4.0,48.5
2012_04_MIN_DET,3.5,48.5
2012_04_TEN_HOU,13.0,44.5
2012_04_SD_KC,-2.5,43.5
2012_04_SF_NYJ,-4.0,41.0
2012_04_SEA_STL,-2.5,39.0
2012_04_MIA_ARI,4.5,39.5
2012_04_OAK_DEN,6.5,47.0
2012_04_CIN_JAX,1.5,45.5
2012_04_NO_GB,7.5,54.0
2012_04_WAS_TB,2.0,44.5
2012_04_NYG_PHI,2.0,46.5
2012_04_CHI_DAL,3.0,41.0
2012_05_ARI_STL,-1.5,38.0
2012_05_MIA_CIN,3.0,45.0
2012_05_GB_IND,-6.5,49.0
2012_05_BAL_KC,-6.0,46.5
2012_05_CLE_NYG,8.0,43.5
2012_05_PHI_PIT,4.0,44.0
2012_05_ATL_WAS,-3.0,51.0
2012_05_SEA_CAR,2.0,42.5
2012_05_CHI_JAX,-6.5,39.0
2012_05_TEN_MIN,6.0,44.0
2012_05_DEN_NE,6.0,51.0
2012_05_BUF_SF,10.0,45.5
2012_05_SD_NO,3.5,53.5
2012_05_HOU_NYJ,-9.5,40.5
2012_06_PIT_TEN,-6.0,43.0
2012_06_OAK_ATL,10.0,49.0
2012_06_DAL_BAL,3.0,45.5
2012_06_CIN_CLE,-1.5,42.0
2012_06_STL_MIA,5.5,38.5
2012_06_IND_NYJ,3.5,44.0
2012_06_DET_PHI,3.5,47.5
2012_06_KC_TB,5.0,39.5
2012_06_BUF_ARI,5.0,44.5
2012_06_NE_SEA,-4.0,42.5
2012_06_NYG_SF,7.0,47.0
2012_06_MIN_WAS,-2.0,44.0
2012_06_GB_HOU,4.0,47.0
2012_06_DEN_SD,-0.0,48.0
2012_07_SEA_SF,8.0,37.5
2012_07_TEN_BUF,4.5,46.5
2012_07_DAL_CAR,-2.5,45.0
2012_07_BAL_HOU,6.5,47.5
2012_07_CLE_IND,1.0,46.5
2012_07_ARI_MIN,7.0,39.0
2012_07_WAS_NYG,6.0,51.5
2012_07_GB_STL,-5.0,45.5
2012_07_NO_TB,-1.5,49.5
2012_07_NYJ_NE,11.0,47.5
2012_07_JAX_OAK,6.0,44.5
2012_07_PIT_CIN,-1.5,47.0
2012_07_DET_CHI,6.5,45.5
2012_08_TB_MIN,5.5,43.0
2012_08_CAR_CHI,7.0,41.5
2012_08_SD_CLE,-3.0,41.0
2012_08_SEA_DET,2.5,43.0
2012_08_JAX_GB,15.5,45.5
2012_08_MIA_NYJ,1.0,38.5
2012_08_ATL_PHI,3.0,43.0
2012_08_WAS_PIT,4.5,44.5
2012_08_NE_STL,-7.0,46.0
2012_08_IND_TEN,3.5,46.5
2012_08_OAK_KC,1.0,41.5
2012_08_NYG_DAL,-3.0,48.0
2012_08_NO_DEN,6.0,55.5
2012_08_SF_ARI,-7.0,38.0
2012_09_KC_SD,7.0,41.0
2012_09_DEN_CIN,-5.0,47.5
2012_09_BAL_CLE,-3.5,44.0
2012_09_ARI_GB,10.5,43.0
2012_09_BUF_HOU,11.0,48.0
2012_09_MIA_IND,-2.0,43.5
2012_09_DET_JAX,-6.0,44.0
2012_09_CHI_TEN,-5.0,43.5
2012_09_CAR_WAS,3.0,48.0
2012_09_TB_OAK,1.5,47.0
2012_09_MIN_SEA,4.5,38.5
2012_09_PIT_NYG,3.5,48.0
2012_09_DAL_ATL,4.0,47.5
2012_09_PHI_NO,3.0,52.5
2012_10_IND_JAX,-3.0,43.0
2012_10_OAK_BAL,7.5,48.0
2012_10_DEN_CAR,-3.5,46.5
2012_10_NYG_CIN,-4.0,47.0
2012_10_TEN_MIA,6.5,44.0
2012_10_DET_MIN,-3.0,46.0
2012_10_BUF_NE,13.5,54.0
2012_10_ATL_NO,-2.0,53.5
2012_10_SD_TB,3.0,46.5
2012_10_NYJ_SEA,5.5,38.5
2012_10_DAL_PHI,-2.5,44.0
2012_10_STL_SF,13.5,38.0
2012_10_HOU_CHI,1.0,37.5
2012_10_KC_PIT,13.0,39.5
2012_11_MIA_BUF,2.5,46.0
2012_11_ARI_ATL,9.5,43.5
2012_11_TB_CAR,-1.0,47.0
2012_11_CLE_DAL,7.0,43.5
2012_11_GB_DET,-3.0,53.5
2012_11_JAX_HOU,15.5,40.5
2012_11_CIN_KC,-3.0,42.0
2012_11_NYJ_STL,3.5,38.5
2012_11_PHI_WAS,3.5,45.5
2012_11_NO_OAK,-6.0,55.5
2012_11_SD_DEN,7.5,48.0
2012_11_IND_NE,10.0,54.5
2012_11_BAL_PIT,-3.0,41.0
2012_11_CHI_SF,3.5,34.5
2012_12_HOU_DET,-3.5,48.5
2012_12_WAS_DAL,3.5,47.5
2012_12_NE_NYJ,-7.0,48.0
2012_12_MIN_CHI,6.5,38.5
2012_12_OAK_CIN,7.5,50.0
2012_12_PIT_CLE,-1.0,33.5
2012_12_BUF_IND,2.0,51.0
2012_12_TEN_JAX,-3.5,45.0
2012_12_DEN_KC,-10.5,42.0
2012_12_SEA_MIA,-3.0,37.5
2012_12_ATL_TB,-1.0,51.0
2012_12_BAL_SD,-1.0,47.0
2012_12_STL_ARI,1.5,36.0
2012_12_SF_NO,-2.5,50.5
2012_12_GB_NYG,3.0,51.0
2012_12_CAR_PHI,-3.0,41.5
2012_13_NO_ATL,3.5,54.5
2012_13_JAX_BUF,6.0,41.5
2012_13_SEA_CHI,3.0,37.0
2012_13_IND_DET,7.0,51.5
2012_13_MIN_GB,7.5,47.0
2012_13_CAR_KC,-5.5,41.5
2012_13_NE_MIA,-7.5,51.0
2012_13_ARI_NYJ,6.5,37.0
2012_13_SF_STL,-7.5,41.0
2012_13_HOU_TEN,-7.0,47.5
2012_13_TB_DEN,8.0,50.0
2012_13_PIT_BAL,7.0,37.0
2012_13_CLE_OAK,-2.5,39.5
2012_13_CIN_SD,-0.0,46.0
2012_13_PHI_DAL,10.5,44.5
2012_13_NYG_WAS,-3.0,50.5
2012_14_DEN_OAK,-10.0,47.0
2012_14_STL_BUF,3.5,42.5
2012_14_ATL_CAR,-3.5,47.0
2012_14_DAL_CIN,3.0,46.0
2012_14_KC_CLE,7.0,38.0
2012_14_TEN_IND,3.5,47.0
2012_14_NYJ_JAX,-3.0,39.0
2012_14_CHI_MIN,-1.5,40.5
2012_14_SD_PIT,7.5,38.0
2012_14_PHI_TB,7.0,48.0
2012_14_BAL_WAS,2.0,48.0
2012_14_MIA_SF,11.0,38.5
2012_14_NO_NYG,4.5,52.5
2012_14_ARI_SEA,10.5,36.0
2012_14_DET_GB,6.0,49.5
2012_14_HOU_NE,5.5,51.0
2012_15_CIN_PHI,-5.0,45.0
2012_15_NYG_ATL,1.0,50.0
2012_15_DEN_BAL,-3.0,48.0
2012_15_GB_CHI,-3.0,43.5
2012_15_WAS_CLE,4.0,40.5
2012_15_IND_HOU,10.5,48.0
2012_15_JAX_MIA,7.5,38.5
2012_15_TB_NO,3.5,55.0
2012_15_MIN_STL,2.5,39.5
2012_15_DET_ARI,-5.5,43.5
2012_15_SEA_BUF,-4.5,44.0
2012_15_CAR_SD,3.0,45.5
2012_15_PIT_DAL,-2.0,46.0
2012_15_KC_OAK,4.0,43.5
2012_15_SF_NE,4.0,47.5
2012_15_NYJ_TEN,-1.0,40.5
2012_16_ATL_DET,-3.5,50.0
2012_16_OAK_CAR,9.0,47.0
2012_16_NO_DAL,3.0,54.5
2012_16_TEN_GB,10.5,44.5
2012_16_MIN_HOU,7.5,43.0
2012_16_NE_JAX,-14.0,51.0
2012_16_IND_KC,-5.0,41.5
2012_16_BUF_MIA,4.5,43.0
2012_16_SD_NYJ,3.0,37.0
2012_16_WAS_PHI,-4.5,46.0
2012_16_CIN_PIT,3.0,40.5
2012_16_STL_TB,3.0,43.5
2012_16_CLE_DEN,11.0,44.0
2012_16_CHI_ARI,-7.0,36.0
2012_16_NYG_BAL,-2.5,47.5
2012_16_SF_SEA,2.5,40.5
2012_17_TB_ATL,3.0,45.5
2012_17_NYJ_BUF,3.5,40.5
2012_17_BAL_CIN,5.5,43.0
2012_17_CHI_DET,-3.0,46.0
2012_17_HOU_IND,-6.5,47.0
2012_17_CAR_NO,4.5,54.0
2012_17_PHI_NYG,6.5,44.5
2012_17_CLE_PIT,10.0,36.5
2012_17_JAX_TEN,6.0,42.0
2012_17_KC_DEN,17.0,41.0
2012_17_GB_MIN,-3.0,46.0
2012_17_MIA_NE,11.5,48.0
2012_17_OAK_SD,8.5,41.5
2012_17_STL_SEA,11.5,42.0
2012_17_ARI_SF,16.5,38.5
2012_17_DAL_WAS,3.0,49.0
2013_01_BAL_DEN,7.5,48.5
2013_01_NE_BUF,-10.0,51.0
2013_01_SEA_CAR,-3.0,44.5
2013_01_CIN_CHI,3.0,41.5
2013_01_MIA_CLE,2.5,41.0
2013_01_MIN_DET,4.0,46.5
2013_01_OAK_IND,11.0,45.5
2013_01_KC_JAX,-3.5,42.5
2013_01_ATL_NO,3.5,55.0
2013_01_TB_NYJ,-4.0,39.5
2013_01_TEN_PIT,6.0,42.0
2013_01_GB_SF,5.5,47.5
2013_01_ARI_STL,4.0,42.5
2013_01_NYG_DAL,3.5,50.0
2013_01_PHI_WAS,4.0,52.5
2013_01_HOU_SD,-6.0,44.5
2013_02_NYJ_NE,11.0,43.0
2013_02_STL_ATL,5.0,47.0
2013_02_CLE_BAL,6.5,43.5
2013_02_CAR_BUF,-3.5,43.5
2013_02_MIN_CHI,6.0,41.0
2013_02_WAS_GB,7.0,49.0
2013_02_TEN_HOU,7.5,42.0
2013_02_MIA_IND,2.0,43.5
2013_02_DAL_KC,3.0,45.5
2013_02_SD_PHI,7.5,52.5
2013_02_DET_ARI,-2.0,48.0
2013_02_NO_TB,-3.5,48.5
2013_02_DEN_NYG,-3.5,54.0
2013_02_JAX_OAK,4.0,41.0
2013_02_SF_SEA,3.0,44.5
2013_02_PIT_CIN,6.5,40.0
2013_03_KC_PHI,3.5,50.5
2013_03_HOU_BAL,1.0,44.5
2013_03_NYG_CAR,-2.5,47.5
2013_03_GB_CIN,-3.0,50.0
2013_03_STL_DAL,3.0,47.5
2013_03_CLE_MIN,7.0,40.5
2013_03_TB_NE,7.0,44.5
2013_03_ARI_NO,7.5,48.5
2013_03_SD_TEN,3.0,43.0
2013_03_DET_WAS,-1.0,49.0
2013_03_ATL_MIA,2.5,45.5
2013_03_BUF_NYJ,2.5,41.0
2013_03_JAX_SEA,19.5,39.5
2013_03_IND_SF,10.5,46.0
2013_03_CHI_PIT,-2.5,40.5
2013_03_OAK_DEN,16.5,49.5
2013_04_SF_STL,-3.5,43.0
2013_04_BAL_BUF,-3.5,45.0
2013_04_CIN_CLE,-3.5,42.5
2013_04_CHI_DET,3.0,48.5
2013_04_SEA_HOU,-1.5,41.5
2013_04_IND_JAX,-9.0,42.5
2013_04_NYG_KC,3.5,44.0
2013_04_PIT_MIN,-3.0,41.5
2013_04_ARI_TB,2.5,40.5
2013_04_NYJ_TEN,3.5,40.5
2013_04_PHI_DEN,10.5,58.5
2013_04_WAS_OAK,-3.5,45.5
2013_04_DAL_SD,-1.5,47.0
2013_04_NE_ATL,3.0,49.5
2013_04_MIA_NO,7.0,49.0
2013_05_BUF_CLE,3.5,40.5
2013_05_NO_CHI,-1.0,50.5
2013_05_NE_CIN,-1.5,45.5
2013_05_DET_GB,10.0,53.5
2013_05_SEA_IND,-3.0,43.5
2013_05_BAL_MIA,2.5,43.0
2013_05_PHI_NYG,-1.0,54.0
2013_05_JAX_STL,11.0,41.0
2013_05_KC_TEN,-2.5,38.0
2013_05_CAR_ARI,-3.0,41.5
2013_05_DEN_DAL,-8.0,57.0
2013_05_HOU_SF,4.5,43.5
2013_05_SD_OAK,-5.5,47.0
2013_05_NYJ_ATL,10.0,45.0
2013_06_NYG_CHI,9.0,47.5
2013_06_GB_BAL,-2.0,49.0
2013_06_CIN_BUF,-6.0,41.5
2013_06_DET_CLE,-2.0,43.5
2013_06_STL_HOU,9.0,43.0
2013_06_OAK_KC,8.0,41.0
2013_06_CAR_MIN,2.5,45.0
2013_06_PIT_NYJ,-1.5,41.0
2013_06_PHI_TB,-3.0,45.0
2013_06_JAX_DEN,27.0,53.0
2013_06_TEN_SEA,12.5,42.0
2013_06_NO_NE,2.0,51.0
2013_06_ARI_SF,10.0,40.5
2013_06_WAS_DAL,5.5,53.0
2013_06_IND_SD,-1.5,51.0
2013_07_SEA_ARI,-5.5,41.0
2013_07_TB_ATL,6.5,43.0
2013_07_STL_CAR,7.0,42.5
2013_07_CIN_DET,3.0,46.5
2013_07_SD_JAX,-7.0,45.0
2013_07_BUF_MIA,6.0,44.0
2013_07_NE_NYJ,-3.5,43.0
2013_07_DAL_PHI,3.0,55.5
2013_07_CHI_WAS,-1.0,48.5
2013_07_SF_TEN,-3.5,41.0
2013_07_CLE_GB,8.5,45.5
2013_07_HOU_KC,7.0,39.0
2013_07_BAL_PIT,2.0,41.0
2013_07_DEN_IND,-6.5,56.0
2013_07_MIN_NYG,4.0,48.0
2013_08_CAR_TB,-7.0,39.5
2013_08_DAL_DET,3.0,52.0
2013_08_SF_JAX,-16.0,40.0
2013_08_CLE_KC,7.0,39.0
2013_08_MIA_NE,6.5,46.0
2013_08_BUF_NO,10.5,48.5
2013_08_NYG_PHI,5.5,50.0
2013_08_NYJ_CIN,6.0,41.0
2013_08_PIT_OAK,-3.0,40.0
2013_08_ATL_ARI,2.5,45.0
2013_08_WAS_DEN,11.0,59.0
2013_08_GB_MIN,-7.5,47.5
2013_08_SEA_STL,-13.5,44.0
2013_09_CIN_MIA,-3.0,42.5
2013_09_KC_BUF,-5.0,41.0
2013_09_ATL_CAR,8.5,47.0
2013_09_MIN_DAL,9.0,51.5
2013_09_NO_NYJ,-6.0,46.0
2013_09_TEN_STL,-3.0,41.0
2013_09_SD_WAS,1.5,49.5
2013_09_PHI_OAK,1.0,45.5
2013_09_TB_SEA,16.0,40.5
2013_09_BAL_CLE,-1.5,42.0
2013_09_PIT_NE,6.0,42.5
2013_09_IND_HOU,-1.5,43.0
2013_09_CHI_GB,10.0,51.0
2013_10_WAS_MIN,-1.5,48.5
2013_10_SEA_ATL,-3.5,46.5
2013_10_CIN_BAL,1.0,44.0
2013_10_DET_CHI,-1.0,52.5
2013_10_PHI_GB,-1.0,47.0
2013_10_STL_IND,7.5,43.5
2013_10_OAK_NYG,7.0,41.5
2013_10_BUF_PIT,3.0,43.0
2013_10_JAX_TEN,11.5,42.0
2013_10_CAR_SF,6.0,43.5
2013_10_HOU_ARI,4.0,42.0
2013_10_DEN_SD,-7.0,57.5
2013_10_DAL_NO,6.5,55.0
2013_10_MIA_TB,-1.0,39.5
2013_11_IND_TEN,-3.0,42.5
2013_11_NYJ_BUF,-2.0,39.0
2013_11_BAL_CHI,3.0,40.0
2013_11_CLE_CIN,5.0,40.0
2013_11_OAK_HOU,10.5,41.0
2013_11_ARI_JAX,-9.0,40.5
2013_11_WAS_PHI,4.5,55.0
2013_11_DET_PIT,-3.0,45.5
2013_11_ATL_TB,2.0,43.5
2013_11_SD_MIA,-2.5,45.0
2013_11_SF_NO,3.0,50.0
2013_11_GB_NYG,3.5,41.5
2013_11_MIN_SEA,13.0,45.5
2013_11_KC_DEN,7.5,49.0
2013_11_NE_CAR,3.0,46.5
2013_12_NO_ATL,-7.5,52.5
2013_12_NYJ_BAL,4.0,38.0
2013_12_PIT_CLE,2.5,40.0
2013_12_TB_DET,7.0,48.5
2013_12_MIN_GB,6.0,44.5
2013_12_JAX_HOU,10.5,44.0
2013_12_SD_KC,3.5,43.0
2013_12_CAR_MIA,-4.5,40.0
2013_12_CHI_STL,1.0,46.0
2013_12_IND_ARI,3.5,44.5
2013_12_TEN_OAK,-2.5,42.0
2013_12_DAL_NYG,2.5,44.5
2013_12_DEN_NE,-1.0,54.0
2013_12_SF_WAS,-5.5,45.5
2013_13_GB_DET,7.0,48.5
2013_13_OAK_DAL,10.0,49.5
2013_13_PIT_BAL,3.0,40.5
2013_13_TB_CAR,7.5,41.5
2013_13_JAX_CLE,7.0,40.5
2013_13_NE_HOU,-7.5,47.5
2013_13_TEN_IND,3.5,45.0
2013_13_CHI_MIN,1.0,50.0
2013_13_MIA_NYJ,2.0,40.0
2013_13_ARI_PHI,3.0,48.5
2013_13_ATL_BUF,3.0,47.0
2013_13_STL_SF,8.0,42.0
2013_13_DEN_KC,-5.5,49.0
2013_13_CIN_SD,1.0,48.5
2013_13_NYG_WAS,-1.0,45.5
2013_13_NO_SEA,5.0,47.0
2013_14_HOU_JAX,-3.0,43.5
2013_14_MIN_BAL,6.0,41.5
2013_14_IND_CIN,7.0,43.0
2013_14_ATL_GB,3.5,47.0
2013_14_CLE_NE,9.5,47.5
2013_14_OAK_NYJ,3.0,39.0
2013_14_DET_PHI,2.5,54.0
2013_14_MIA_PIT,3.0,40.5
2013_14_BUF_TB,3.0,42.5
2013_14_KC_WAS,-3.5,44.0
2013_14_TEN_DEN,13.0,49.5
2013_14_STL_ARI,4.0,41.0
2013_14_NYG_SD,4.5,46.5
2013_14_SEA_SF,2.5,41.0
2013_14_CAR_NO,3.0,47.0
2013_14_DAL_CHI,2.0,49.0
2013_15_SD_DEN,10.5,55.5
2013_15_WAS_ATL,7.0,50.5
2013_15_CHI_CLE,1.0,45.5
2013_15_HOU_IND,6.0,45.5
2013_15_BUF_JAX,-2.0,43.0
2013_15_NE_MIA,-2.5,45.5
2013_15_PHI_MIN,-4.5,51.0
2013_15_SEA_NYG,-7.0,41.0
2013_15_SF_TB,-5.5,41.0
2013_15_NYJ_CAR,11.0,40.5
2013_15_KC_OAK,-4.0,41.0
2013_15_GB_DAL,7.0,48.5
2013_15_NO_STL,-5.5,47.0
2013_15_ARI_TEN,-2.5,41.5
2013_15_CIN_PIT,-3.0,41.0
2013_15_BAL_DET,6.0,48.0
2013_16_MIA_BUF,-2.5,43.0
2013_16_NO_CAR,3.0,46.5
2013_16_MIN_CIN,7.5,48.0
2013_16_DEN_HOU,-10.5,51.5
2013_16_TEN_JAX,-5.5,44.0
2013_16_IND_KC,7.0,44.0
2013_16_CLE_NYJ,2.0,40.5
2013_16_TB_STL,5.5,42.5
2013_16_DAL_WAS,-3.0,53.0
2013_16_NYG_DET,9.0,49.0
2013_16_ARI_SEA,10.5,44.0
2013_16_NE_BAL,2.5,45.0
2013_16_PIT_GB,2.5,45.0
2013_16_OAK_SD,10.0,50.5
2013_16_CHI_PHI,3.0,56.0
2013_16_ATL_SF,12.0,45.0
2013_17_CAR_ATL,-6.5,45.5
2013_17_BAL_CIN,6.0,44.5
2013_17_JAX_IND,11.5,45.5
2013_17_NYJ_MIA,5.5,41.0
2013_17_DET_MIN,3.0,52.0
2013_17_WAS_NYG,3.5,45.5
2013_17_CLE_PIT,7.0,44.0
2013_17_HOU_TEN,7.0,44.0
2013_17_SF_ARI,-1.0,42.0
2013_17_GB_CHI,-3.0,52.0
2013_17_BUF_NE,9.0,47.0
2013_17_TB_NO,12.5,47.0
2013_17_DEN_OAK,-12.0,54.0
2013_17_KC_SD,9.5,45.0
2013_17_STL_SEA,11.5,43.0
2013_17_PHI_DAL,-6.5,52.5
2014_01_GB_SEA,5.0,46.0
2014_01_NO_ATL,-2.5,51.5
2014_01_CIN_BAL,1.5,43.0
2014_01_BUF_CHI,6.5,48.0
2014_01_WAS_HOU,2.5,45.0
2014_01_TEN_KC,4.0,43.5
2014_01_NE_MIA,-4.5,47.0
2014_01_OAK_NYJ,5.0,39.5
2014_01_JAX_PHI,10.0,53.0
2014_01_CLE_PIT,6.0,40.0
2014_01_MIN_STL,4.0,44.0
2014_01_SF_DAL,-5.0,51.0
2014_01_CAR_TB,1.0,39.5
2014_01_IND_DEN,7.0,55.0
2014_01_NYG_DET,4.5,46.5
2014_01_SD_ARI,3.5,44.5
2014_02_PIT_BAL,3.0,43.5
2014_02_MIA_BUF,1.0,43.5
2014_02_DET_CAR,3.0,43.5
2014_02_ATL_CIN,4.0,48.0
2014_02_NO_CLE,-6.0,47.5
2014_02_NE_MIN,-3.0,49.0
2014_02_ARI_NYG,2.0,45.0
2014_02_DAL_TEN,3.5,48.5
2014_02_JAX_WAS,5.5,44.0
2014_02_SEA_SD,-5.5,45.0
2014_02_STL_TB,3.5,38.0
2014_02_KC_DEN,12.0,52.0
2014_02_NYJ_GB,8.0,46.0
2014_02_HOU_OAK,-3.0,39.5
2014_02_CHI_SF,7.0,48.0
2014_02_PHI_IND,2.5,52.5
2014_03_TB_ATL,5.5,44.5
2014_03_SD_BUF,1.0,44.0
2014_03_TEN_CIN,6.5,43.0
2014_03_BAL_CLE,-1.0,41.5
2014_03_GB_DET,2.5,52.0
2014_03_IND_JAX,-7.0,46.0
2014_03_OAK_NE,14.0,46.5
2014_03_MIN_NO,10.0,50.0
2014_03_HOU_NYG,-2.5,42.0
2014_03_WAS_PHI,6.5,51.0
2014_03_DAL_STL,-1.0,44.5
2014_03_SF_ARI,-2.5,42.0
2014_03_KC_MIA,4.5,41.5
2014_03_DEN_SEA,4.5,48.5
2014_03_PIT_CAR,3.5,41.5
2014_03_CHI_NYJ,1.0,45.5
2014_04_NYG_WAS,4.5,45.0
2014_04_CAR_BAL,3.0,39.0
2014_04_GB_CHI,-0.0,49.0
2014_04_BUF_HOU,3.5,42.0
2014_04_TEN_IND,6.5,45.5
2014_04_DET_NYJ,-0.0,44.5
2014_04_MIA_OAK,-4.0,40.5
2014_04_TB_PIT,7.5,43.5
2014_04_JAX_SD,13.5,44.5
2014_04_ATL_MIN,-3.0,46.5
2014_04_PHI_SF,4.0,50.5
2014_04_NO_DAL,-2.5,53.0
2014_04_NE_KC,-3.5,45.0
2014_05_MIN_GB,10.0,50.0
2014_05_CHI_CAR,2.5,45.5
2014_05_HOU_DAL,4.0,46.0
2014_05_BUF_DET,7.0,44.5
2014_05_BAL_IND,3.0,47.5
2014_05_PIT_JAX,-6.5,46.0
2014_05_TB_NO,11.0,49.0
2014_05_ATL_NYG,4.0,49.0
2014_05_STL_PHI,7.0,48.5
2014_05_CLE_TEN,1.0,44.5
2014_05_ARI_DEN,8.0,49.0
2014_05_NYJ_SD,7.0,43.5
2014_05_KC_SF,4.5,44.5
2014_05_CIN_NE,-0.0,46.0
2014_05_SEA_WAS,-7.5,46.0
2014_06_IND_HOU,-2.5,45.5
2014_06_NE_BUF,-3.5,45.0
2014_06_CAR_CIN,6.5,44.0
2014_06_PIT_CLE,1.0,46.5
2014_06_GB_MIA,-3.5,48.0
2014_06_DET_MIN,-1.5,43.5
2014_06_DEN_NYJ,-7.5,46.0
2014_06_BAL_TB,-3.0,42.0
2014_06_JAX_TEN,5.0,44.0
2014_06_SD_OAK,-7.0,43.0
2014_06_WAS_ARI,3.5,45.0
2014_06_CHI_ATL,3.0,53.0
2014_06_DAL_SEA,8.0,47.5
2014_06_NYG_PHI,3.0,50.0
2014_06_SF_STL,-3.5,43.5
2014_07_NYJ_NE,10.0,46.0
2014_07_ATL_BAL,6.5,49.5
2014_07_MIN_BUF,4.0,42.5
2014_07_MIA_CHI,3.0,49.0
2014_07_NO_DET,2.5,51.5
2014_07_CAR_GB,7.0,49.0
2014_07_CIN_IND,3.0,49.0
2014_07_CLE_JAX,-4.0,45.0
2014_07_SEA_STL,-6.5,43.5
2014_07_TEN_WAS,4.0,46.0
2014_07_KC_SD,5.5,44.5
2014_07_NYG_DAL,5.0,48.5
2014_07_ARI_OAK,-3.5,43.5
2014_07_SF_DEN,7.5,47.0
2014_07_HOU_PIT,4.0,44.5
2014_08_SD_DEN,7.5,51.0
2014_08_DET_ATL,-3.5,47.0
2014_08_SEA_CAR,-3.5,44.5
2014_08_BAL_CIN,2.5,46.0
2014_08_MIA_JAX,-5.0,43.5
2014_08_STL_KC,6.0,43.0
2014_08_CHI_NE,7.0,49.5
2014_08_BUF_NYJ,3.0,41.0
2014_08_MIN_TB,3.0,41.5
2014_08_HOU_TEN,-1.0,43.0
2014_08_PHI_ARI,3.0,48.0
2014_08_OAK_CLE,7.0,43.0
2014_08_IND_PIT,-2.5,48.5
2014_08_GB_NO,2.5,54.0
2014_08_WAS_DAL,8.5,49.5
2014_09_NO_CAR,-0.0,49.0
2014_09_JAX_CIN,13.0,43.0
2014_09_TB_CLE,6.0,43.5
2014_09_ARI_DAL,3.0,44.5
2014_09_PHI_HOU,-2.5,48.5
2014_09_NYJ_KC,10.0,41.5
2014_09_SD_MIA,2.5,44.0
2014_09_WAS_MIN,-0.0,43.5
2014_09_STL_SF,9.5,43.5
2014_09_DEN_NE,-3.0,54.0
2014_09_OAK_SEA,15.0,43.5
2014_09_BAL_PIT,1.5,47.5
2014_09_IND_NYG,-3.0,50.0
2014_10_CLE_CIN,6.0,44.0
2014_10_TEN_BAL,10.0,44.0
2014_10_KC_BUF,-1.0,42.0
2014_10_MIA_DET,2.5,43.5
2014_10_DAL_JAX,-7.0,45.5
2014_10_SF_NO,4.0,49.5
2014_10_PIT_NYJ,-4.0,45.0
2014_10_ATL_TB,1.0,44.5
2014_10_DEN_OAK,-11.0,48.0
2014_10_STL_ARI,7.0,43.0
2014_10_NYG_SEA,10.0,45.0
2014_10_CHI_GB,7.5,52.0
2014_10_CAR_PHI,6.5,48.0
2014_11_BUF_MIA,5.0,42.5
2014_11_ATL_CAR,-0.0,46.0
2014_11_MIN_CHI,3.5,47.0
2014_11_HOU_CLE,3.0,42.5
2014_11_SEA_KC,-0.0,43.0
2014_11_CIN_NO,7.0,50.5
2014_11_SF_NYG,-4.0,43.5
2014_11_DEN_STL,-9.0,50.5
2014_11_TB_WAS,7.0,45.0
2014_11_OAK_SD,10.0,44.0
2014_11_DET_ARI,2.5,41.5
2014_11_PHI_GB,4.5,56.5
2014_11_NE_IND,2.5,57.0
2014_11_PIT_TEN,-5.0,47.0
2014_12_KC_OAK,-6.0,43.5
2014_12_CLE_ATL,3.0,46.5
2014_12_TB_CHI,5.5,46.0
2014_12_CIN_HOU,2.0,43.5
2014_12_JAX_IND,13.5,50.5
2014_12_GB_MIN,-10.0,48.0
2014_12_DET_NE,7.0,48.0
2014_12_TEN_PHI,11.0,48.5
2014_12_STL_SD,6.5,44.5
2014_12_ARI_SEA,7.0,43.0
2014_12_MIA_DEN,7.0,50.0
2014_12_WAS_SF,8.0,44.0
2014_12_DAL_NYG,-3.0,47.0
2014_12_NYJ_BUF,2.5,41.5
2014_12_BAL_NO,3.5,49.5
2014_13_CHI_DET,6.5,46.5
2014_13_PHI_DAL,3.0,54.5
2014_13_SEA_SF,-0.0,41.0
2014_13_SD_BAL,5.5,45.5
2014_13_CLE_BUF,2.5,41.0
2014_13_TEN_HOU,6.5,42.5
2014_13_WAS_IND,10.0,51.0
2014_13_NYG_JAX,-2.5,44.5
2014_13_CAR_MIN,2.5,43.5
2014_13_NO_PIT,3.5,53.0
2014_13_OAK_STL,7.0,43.0
2014_13_CIN_TB,-3.0,44.0
2014_13_ARI_ATL,1.0,44.5
2014_13_NE_GB,3.5,58.0
2014_13_DEN_KC,-0.0,49.5
2014_13_MIA_NYJ,-6.0,41.5
2014_14_DAL_CHI,-3.5,50.5
2014_14_PIT_CIN,3.5,47.0
2014_14_IND_CLE,-3.5,50.0
2014_14_TB_DET,10.0,41.5
2014_14_HOU_JAX,-4.0,42.0
2014_14_BAL_MIA,3.0,45.0
2014_14_NYJ_MIN,6.0,41.0
2014_14_CAR_NO,10.0,48.0
2014_14_NYG_TEN,-0.0,45.5
2014_14_STL_WAS,-1.5,44.0
2014_14_KC_ARI,-0.0,41.5
2014_14_BUF_DEN,10.0,48.0
2014_14_SF_OAK,-7.5,41.0
2014_14_SEA_PHI,-0.0,49.0
2014_14_NE_SD,-3.5,50.5
2014_14_ATL_GB,11.5,56.0
2014_15_ARI_STL,3.0,40.5
2014_15_PIT_ATL,-0.0,53.5
2014_15_JAX_BAL,14.0,46.0
2014_15_GB_BUF,-5.5,50.5
2014_15_TB_CAR,5.0,43.0
2014_15_CIN_CLE,-1.0,44.5
2014_15_HOU_IND,6.5,49.0
2014_15_OAK_KC,10.5,41.5
2014_15_MIA_NE,8.0,49.0
2014_15_WAS_NYG,6.0,47.0
2014_15_DEN_SD,-3.5,50.5
2014_15_NYJ_TEN,-1.0,42.0
2014_15_MIN_DET,7.5,43.5
2014_15_SF_SEA,10.0,38.5
2014_15_DAL_PHI,3.5,55.0
2014_15_NO_CHI,-3.0,54.0
2014_16_TEN_JAX,3.0,40.5
2014_16_PHI_WAS,-8.5,51.0
2014_16_SD_SF,2.5,41.5
2014_16_CLE_CAR,3.5,40.5
2014_16_DET_CHI,-7.0,45.5
2014_16_BAL_HOU,-4.0,42.0
2014_16_MIN_MIA,7.0,43.0
2014_16_ATL_NO,5.5,56.0
2014_16_NE_NYJ,-10.5,47.0
2014_16_KC_PIT,3.5,46.5
2014_16_GB_TB,-10.5,48.5
2014_16_NYG_STL,5.0,44.5
2014_16_IND_DAL,3.0,55.0
2014_16_BUF_OAK,-5.5,39.0
2014_16_SEA_ARI,-7.5,39.5
2014_16_DEN_CIN,-3.5,48.0
2014_17_CLE_BAL,8.5,42.5
2014_17_JAX_HOU,10.0,40.5
2014_17_SD_KC,3.0,42.5
2014_17_NYJ_MIA,4.5,42.0
2014_17_CHI_MIN,7.5,44.0
2014_17_BUF_NE,10.5,43.5
2014_17_PHI_NYG,2.5,51.5
2014_17_NO_TB,-4.0,46.5
2014_17_IND_TEN,-7.5,47.0
2014_17_DAL_WAS,-6.5,49.0
2014_17_CAR_ATL,3.0,47.5
2014_17_OAK_DEN,14.5,47.5
2014_17_DET_GB,7.5,48.0
2014_17_STL_SEA,13.0,41.0
2014_17_ARI_SF,4.5,36.5
2014_17_CIN_PIT,3.5,47.5
2015_01_PIT_NE,7.0,52.0
2015_01_IND_BUF,-2.5,46.0
2015_01_GB_CHI,-6.5,50.0
2015_01_KC_HOU,1.0,41.0
2015_01_CAR_JAX,-3.0,41.0
2015_01_CLE_NYJ,3.0,40.0
2015_01_SEA_STL,-4.0,41.5
2015_01_MIA_WAS,-3.5,43.0
2015_01_NO_ARI,2.5,47.0
2015_01_DET_SD,3.0,46.0
2015_01_BAL_DEN,4.5,49.5
2015_01_CIN_OAK,-3.5,43.5
2015_01_TEN_TB,3.0,42.0
2015_01_NYG_DAL,5.5,51.5
2015_01_PHI_ATL,-3.0,55.0
2015_01_MIN_SF,-2.5,41.5
2015_02_DEN_KC,3.0,43.5
2015_02_NE_BUF,-0.0,45.0
2015_02_HOU_CAR,3.0,40.5
2015_02_ARI_CHI,-1.5,44.5
2015_02_SD_CIN,3.5,45.5
2015_02_TEN_CLE,2.5,41.5
2015_02_DET_MIN,3.0,44.0
2015_02_TB_NO,10.5,48.5
2015_02_ATL_NYG,2.0,51.0
2015_02_SF_PIT,5.0,44.0
2015_02_STL_WAS,-3.0,42.0
2015_02_MIA_JAX,-6.0,41.5
2015_02_BAL_OAK,-6.0,43.0
2015_02_DAL_PHI,5.5,55.0
2015_02_SEA_GB,3.0,49.0
2015_02_NYJ_IND,7.0,47.0
2015_03_WAS_NYG,4.0,44.0
2015_03_CIN_BAL,3.0,44.5
2015_03_NO_CAR,3.0,45.0
2015_03_OAK_CLE,4.5,41.5
2015_03_ATL_DAL,-0.0,44.0
2015_03_TB_HOU,7.0,40.5
2015_03_SD_MIN,3.0,45.0
2015_03_JAX_NE,13.5,48.0
2015_03_PHI_NYJ,-0.0,47.0
2015_03_PIT_STL,1.0,47.0
2015_03_IND_TEN,-3.5,45.0
2015_03_SF_ARI,6.0,44.0
2015_03_BUF_MIA,2.5,44.0
2015_03_CHI_SEA,14.5,45.0
2015_03_DEN_DET,-3.5,44.5
2015_03_KC_GB,6.5,48.0
2015_04_BAL_PIT,-2.0,45.5
2015_04_NYJ_MIA,1.0,41.0
2015_04_HOU_ATL,5.0,46.5
2015_04_NYG_BUF,5.5,47.0
2015_04_OAK_CHI,-2.5,44.5
2015_04_KC_CIN,4.0,44.0
2015_04_JAX_IND,8.5,47.0
2015_04_CAR_TB,-3.0,39.5
2015_04_PHI_WAS,-3.0,47.5
2015_04_CLE_SD,7.0,44.5
2015_04_STL_ARI,6.0,42.0
2015_04_MIN_DEN,6.5,43.5
2015_04_GB_SF,-8.5,47.5
2015_04_DAL_NO,3.5,47.0
2015_04_DET_SEA,10.0,42.5
2015_05_IND_HOU,1.5,44.5
2015_05_WAS_ATL,8.0,47.5
2015_05_CLE_BAL,6.5,44.0
2015_05_SEA_CIN,3.0,43.0
2015_05_STL_GB,10.0,46.5
2015_05_CHI_KC,10.0,45.5
2015_05_NO_PHI,5.0,48.0
2015_05_JAX_TB,3.0,42.0
2015_05_BUF_TEN,-3.0,42.5
2015_05_ARI_DET,-2.5,44.0
2015_05_NE_DAL,-7.5,49.0
2015_05_DEN_OAK,-5.5,43.5
2015_05_SF_NYG,7.0,43.0
2015_05_PIT_SD,3.0,45.5
2015_06_ATL_NO,-3.0,51.0
2015_06_CIN_BUF,1.0,45.0
2015_06_DEN_CLE,-4.5,42.5
2015_06_CHI_DET,2.5,44.0
2015_06_HOU_JAX,-0.0,42.5
2015_06_KC_MIN,3.5,44.5
2015_06_WAS_NYJ,5.5,41.5
2015_06_ARI_PIT,-3.0,44.0
2015_06_MIA_TEN,3.0,44.5
2015_06_CAR_SEA,6.5,42.0
2015_06_SD_GB,10.0,50.0
2015_06_BAL_SF,-3.0,44.0
2015_06_NE_IND,-7.5,55.0
2015_06_NYG_PHI,3.5,50.0
2015_07_SEA_SF,-4.5,41.5
2015_07_BUF_JAX,-4.0,42.0
2015_07_MIN_DET,-2.5,44.5
2015_07_NO_IND,6.0,52.5
2015_07_PIT_KC,2.0,43.0
2015_07_HOU_MIA,5.0,43.0
2015_07_NYJ_NE,10.0,48.0
2015_07_CLE_STL,5.5,42.0
2015_07_ATL_TEN,-3.5,47.5
2015_07_TB_WAS,3.5,44.0
2015_07_OAK_SD,5.0,47.0
2015_07_DAL_NYG,5.0,45.5
2015_07_PHI_CAR,3.5,46.5
2015_07_BAL_ARI,7.5,48.5
2015_08_MIA_NE,8.0,51.5
2015_08_DET_KC,6.0,45.5
2015_08_TB_ATL,7.5,49.0
2015_08_SD_BAL,3.0,50.0
2015_08_MIN_CHI,-2.5,42.0
2015_08_ARI_CLE,-4.5,46.0
2015_08_TEN_HOU,4.5,43.5
2015_08_NYG_NO,3.5,49.0
2015_08_CIN_PIT,-1.5,48.5
2015_08_SF_STL,7.5,39.5
2015_08_NYJ_OAK,-0.0,44.0
2015_08_SEA_DAL,-5.5,40.5
2015_08_GB_DEN,-2.5,46.0
2015_08_IND_CAR,6.5,46.0
2015_09_CLE_CIN,10.5,46.0
2015_09_MIA_BUF,3.0,44.0
2015_09_GB_CAR,-2.5,46.5
2015_09_STL_MIN,2.5,40.5
2015_09_WAS_NE,14.0,52.5
2015_09_TEN_NO,7.5,48.0
2015_09_JAX_NYJ,7.5,43.0
2015_09_OAK_PIT,5.5,48.0
2015_09_ATL_SF,-4.0,45.0
2015_09_NYG_TB,-2.5,47.0
2015_09_DEN_IND,-3.0,45.0
2015_09_PHI_DAL,-3.0,44.5
2015_09_CHI_SD,4.0,50.0
2015_10_BUF_NYJ,3.0,43.0
2015_10_JAX_BAL,6.5,48.0
2015_10_DET_GB,13.0,47.5
2015_10_MIA_PHI,6.5,46.5
2015_10_CLE_PIT,4.5,41.0
2015_10_CHI_STL,8.0,42.5
2015_10_DAL_TB,1.0,43.0
2015_10_CAR_TEN,-4.0,42.0
2015_10_NO_WAS,-0.0,51.0
2015_10_MIN_OAK,3.0,43.5
2015_10_KC_DEN,7.0,42.5
2015_10_NE_NYG,-7.5,55.0
2015_10_ARI_SEA,3.0,45.0
2015_10_HOU_CIN,10.5,47.0
2015_11_TEN_JAX,3.0,44.5
2015_11_IND_ATL,6.0,47.5
2015_11_STL_BAL,1.0,43.0
2015_11_WAS_CAR,7.5,45.5
2015_11_DEN_CHI,-2.0,43.0
2015_11_OAK_DET,-1.0,47.5
2015_11_NYJ_HOU,-3.0,40.0
2015_11_DAL_MIA,1.0,46.0
2015_11_TB_PHI,6.0,45.5
2015_11_KC_SD,-3.0,45.5
2015_11_GB_MIN,1.0,45.0
2015_11_SF_SEA,13.0,40.5
2015_11_CIN_ARI,3.5,47.0
2015_11_BUF_NE,7.5,49.0
2015_12_PHI_DET,-1.0,46.0
2015_12_CAR_DAL,1.0,46.0
2015_12_CHI_GB,8.0,47.5
2015_12_MIN_ATL,2.5,46.0
2015_12_STL_CIN,9.0,42.0
2015_12_NO_HOU,3.0,48.0
2015_12_TB_IND,3.0,46.5
2015_12_SD_JAX,4.0,46.5
2015_12_BUF_KC,6.0,42.0
2015_12_MIA_NYJ,4.0,42.5
2015_12_OAK_TEN,-2.0,44.0
2015_12_NYG_WAS,-1.0,46.5
2015_12_ARI_SF,-10.5,44.5
2015_12_PIT_SEA,5.5,44.5
2015_12_NE_DEN,-3.5,45.0
2015_12_BAL_CLE,1.0,41.0
2015_13_GB_DET,-5.0,47.5
2015_13_HOU_BUF,3.5,41.5
2015_13_SF_CHI,7.0,41.5
2015_13_CIN_CLE,-10.0,43.5
2015_13_BAL_MIA,4.5,43.5
2015_13_SEA_MIN,-1.0,42.0
2015_13_NYJ_NYG,-1.0,45.0
2015_13_ARI_STL,-5.5,44.0
2015_13_ATL_TB,2.5,45.5
2015_13_JAX_TEN,2.5,43.0
2015_13_KC_OAK,-3.0,44.5
2015_13_DEN_SD,-4.0,43.0
2015_13_PHI_NE,10.0,48.5
2015_13_CAR_NO,-6.5,49.5
2015_13_IND_PIT,7.0,47.5
2015_13_DAL_WAS,4.0,42.0
2015_14_MIN_ARI,7.5,45.0
2015_14_SEA_BAL,-10.5,43.0
2015_14_ATL_CAR,7.5,47.0
2015_14_WAS_CHI,3.5,43.5
2015_14_PIT_CIN,3.0,47.5
2015_14_SF_CLE,1.5,40.5
2015_14_IND_JAX,-1.0,45.0
2015_14_SD_KC,10.5,46.5
2015_14_TEN_NYJ,7.5,43.5
2015_14_BUF_PHI,2.0,46.5
2015_14_DET_STL,1.0,41.5
2015_14_NO_TB,3.5,51.0
2015_14_OAK_DEN,7.5,43.5
2015_14_DAL_GB,7.5,43.0
2015_14_NE_HOU,-3.5,45.0
2015_14_NYG_MIA,2.0,46.5
2015_15_TB_STL,-0.0,41.0
2015_15_NYJ_DAL,-3.0,42.0
2015_15_KC_BAL,-7.0,43.0
2015_15_HOU_IND,-0.0,41.0
2015_15_ATL_JAX,3.0,48.0
2015_15_CHI_MIN,5.0,43.0
2015_15_TEN_NE,13.5,46.5
2015_15_CAR_NYG,-4.0,48.0
2015_15_BUF_WAS,-1.0,44.0
2015_15_GB_OAK,-3.0,45.5
2015_15_CLE_SEA,14.5,43.0
2015_15_DEN_PIT,6.0,45.0
2015_15_MIA_SD,1.5,44.5
2015_15_CIN_SF,-4.5,42.0
2015_15_ARI_PHI,-3.5,50.5
2015_15_DET_NO,3.0,50.0
2015_16_SD_OAK,4.5,46.5
2015_16_WAS_PHI,3.5,48.0
2015_16_CAR_ATL,-7.0,47.0
2015_16_PIT_BAL,-10.5,47.5
2015_16_DAL_BUF,6.0,43.5
2015_16_SF_DET,8.0,43.0
2015_16_CLE_KC,12.5,43.0
2015_16_IND_MIA,1.5,44.0
2015_16_NE_NYJ,-3.0,46.0
2015_16_CHI_TB,3.0,45.5
2015_16_HOU_TEN,-4.5,42.0
2015_16_JAX_NO,3.5,51.5
2015_16_GB_ARI,4.5,49.5
2015_16_STL_SEA,13.5,41.5
2015_16_NYG_MIN,6.5,46.0
2015_16_CIN_DEN,3.5,42.0
2015_17_NO_ATL,4.0,53.0
2015_17_NYJ_BUF,-1.5,43.0
2015_17_DET_CHI,1.5,45.0
2015_17_BAL_CIN,7.5,43.0
2015_17_PIT_CLE,-10.0,47.0
2015_17_WAS_DAL,3.5,39.5
2015_17_JAX_HOU,6.0,45.0
2015_17_TEN_IND,3.5,39.5
2015_17_NE_MIA,-10.5,47.0
2015_17_PHI_NYG,3.5,51.5
2015_17_SEA_ARI,3.5,47.5
2015_17_TB_CAR,10.5,47.0
2015_17_SD_DEN,7.5,41.0
2015_17_OAK_KC,7.0,44.0
2015_17_STL_SF,-3.5,37.5
2015_17_MIN_GB,3.0,47.5
2016_01_CAR_DEN,-3.0,42.0
2016_01_TB_ATL,3.0,47.5
2016_01_BUF_BAL,3.0,44.5
2016_01_CHI_HOU,5.5,44.0
2016_01_GB_JAX,-4.0,48.0
2016_01_SD_KC,7.0,44.5
2016_01_OAK_NO,1.0,51.0
2016_01_CIN_NYJ,-2.0,41.5
2016_01_CLE_PHI,5.5,43.0
2016_01_MIN_TEN,-0.0,41.0
2016_01_MIA_SEA,10.5,44.0
2016_01_NYG_DAL,-0.0,46.5
2016_01_DET_IND,3.5,51.5
2016_01_NE_ARI,5.5,47.5
2016_01_PIT_WAS,-3.0,50.0
2016_01_LA_SF,-2.5,44.0
2016_02_NYJ_BUF,3.0,42.5
2016_02_TB_ARI,7.0,50.0
2016_02_SF_CAR,13.0,44.5
2016_02_BAL_CLE,-4.5,43.5
2016_02_TEN_DET,5.5,46.5
2016_02_KC_HOU,2.0,43.5
2016_02_MIA_NE,5.5,42.5
2016_02_NO_NYG,5.0,51.5
2016_02_CIN_PIT,3.0,48.5
2016_02_DAL_WAS,2.5,46.5
2016_02_SEA_LA,-7.0,38.5
2016_02_IND_DEN,4.5,45.0
2016_02_ATL_OAK,5.5,48.0
2016_02_JAX_SD,2.5,47.5
2016_02_GB_MIN,-2.0,44.5
2016_02_PHI_CHI,2.5,42.5
2016_03_HOU_NE,-0.0,40.5
2016_03_ARI_BUF,-4.0,47.0
2016_03_MIN_CAR,7.5,43.0
2016_03_DEN_CIN,3.5,41.0
2016_03_DET_GB,8.5,48.0
2016_03_BAL_JAX,-0.0,47.5
2016_03_CLE_MIA,7.0,41.5
2016_03_WAS_NYG,4.0,46.5
2016_03_OAK_TEN,-0.0,47.0
2016_03_SF_SEA,10.0,40.5
2016_03_LA_TB,4.0,42.0
2016_03_SD_IND,2.5,50.5
2016_03_NYJ_KC,3.0,43.5
2016_03_PIT_PHI,-4.0,46.0
2016_03_CHI_DAL,5.5,45.0
2016_03_ATL_NO,3.0,53.5
2016_04_MIA_CIN,7.0,44.5
2016_04_IND_JAX,-2.0,49.5
2016_04_CAR_ATL,-3.5,50.0
2016_04_OAK_BAL,3.5,46.5
2016_04_DET_CHI,-3.0,46.0
2016_04_TEN_HOU,6.5,40.5
2016_04_BUF_NE,7.5,44.5
2016_04_SEA_NYJ,-2.5,41.5
2016_04_CLE_WAS,10.0,45.5
2016_04_DEN_TB,-3.0,44.5
2016_04_LA_ARI,8.5,43.5
2016_04_NO_SD,4.5,53.5
2016_04_DAL_SF,-3.0,46.0
2016_04_KC_PIT,5.0,47.5
2016_04_NYG_MIN,3.5,43.5
2016_05_ARI_SF,-2.5,42.5
2016_05_WAS_BAL,3.5,46.5
2016_05_NE_CLE,-10.5,46.5
2016_05_PHI_DET,-2.5,46.0
2016_05_CHI_IND,4.5,47.5
2016_05_TEN_MIA,3.5,43.5
2016_05_HOU_MIN,6.5,40.0
2016_05_NYJ_PIT,7.5,48.5
2016_05_ATL_DEN,4.5,47.0
2016_05_CIN_DAL,-0.0,45.0
2016_05_BUF_LA,2.5,40.0
2016_05_SD_OAK,4.0,51.5
2016_05_NYG_GB,7.5,48.0
2016_05_TB_CAR,4.5,45.5
2016_06_DEN_SD,-2.5,45.5
2016_06_SF_BUF,7.5,44.0
2016_06_JAX_CHI,2.0,47.0
2016_06_LA_DET,3.0,44.0
2016_06_PIT_MIA,-7.5,48.0
2016_06_CIN_NE,8.0,47.0
2016_06_CAR_NO,-3.0,53.0
2016_06_BAL_NYG,3.0,43.5
2016_06_CLE_TEN,7.0,44.0
2016_06_PHI_WAS,-2.0,44.5
2016_06_KC_OAK,2.0,46.5
2016_06_DAL_GB,4.0,46.5
2016_06_ATL_SEA,6.0,45.5
2016_06_IND_HOU,3.5,46.0
2016_06_NYJ_ARI,7.5,46.0
2016_07_CHI_GB,9.0,47.0
2016_07_NYG_LA,-2.5,43.5
2016_07_CLE_CIN,10.0,45.5
2016_07_WAS_DET,1.0,48.5
2016_07_OAK_JAX,1.5,48.5
2016_07_NO_KC,7.0,50.0
2016_07_BUF_MIA,-2.5,44.0
2016_07_BAL_NYJ,1.0,41.5
2016_07_MIN_PHI,-2.0,40.0
2016_07_IND_TEN,2.5,48.5
2016_07_SD_ATL,6.5,50.5
2016_07_TB_SF,-2.0,47.0
2016_07_NE_PIT,-7.5,45.5
2016_07_SEA_ARI,2.0,43.5
2016_07_HOU_DEN,7.5,40.5
2016_08_JAX_TEN,3.5,46.0
2016_08_WAS_CIN,2.5,46.5
2016_08_NE_BUF,-5.0,47.5
2016_08_ARI_CAR,2.5,48.0
2016_08_NYJ_CLE,-3.0,43.5
2016_08_DET_HOU,2.5,45.0
2016_08_KC_IND,-2.5,49.5
2016_08_SEA_NO,-3.5,47.5
2016_08_OAK_TB,1.0,49.0
2016_08_SD_DEN,5.5,43.5
2016_08_GB_ATL,2.5,52.5
2016_08_PHI_DAL,4.5,43.5
2016_08_MIN_CHI,-5.0,41.0
2016_09_ATL_TB,-3.0,51.5
2016_09_PIT_BAL,2.5,44.0
2016_09_DAL_CLE,-7.5,47.0
2016_09_JAX_KC,7.5,45.0
2016_09_NYJ_MIA,3.0,44.0
2016_09_DET_MIN,6.0,41.0
2016_09_PHI_NYG,3.0,43.0
2016_09_CAR_LA,-2.5,45.5
2016_09_NO_SF,-3.0,51.0
2016_09_IND_GB,7.0,53.0
2016_09_TEN_SD,4.0,48.0
2016_09_DEN_OAK,2.5,44.5
2016_09_BUF_SEA,7.0,44.0
2016_10_CLE_BAL,10.5,45.5
2016_10_KC_CAR,3.0,44.0
2016_10_HOU_JAX,-0.0,42.5
2016_10_DEN_NO,1.5,48.0
2016_10_LA_NYJ,2.5,41.0
2016_10_ATL_PHI,1.0,49.5
2016_10_CHI_TB,-0.0,45.5
2016_10_GB_TEN,-2.5,48.5
2016_10_MIN_WAS,2.5,42.5
2016_10_MIA_SD,3.5,47.5
2016_10_SF_ARI,13.0,48.0
2016_10_DAL_PIT,2.5,51.0
2016_10_SEA_NE,7.5,48.5
2016_10_CIN_NYG,2.5,47.0
2016_11_NO_CAR,4.0,51.0
2016_11_BUF_CIN,3.0,47.0
2016_11_PIT_CLE,-9.0,49.5
2016_11_BAL_DAL,7.5,45.0
2016_11_JAX_DET,6.5,47.0
2016_11_TEN_IND,3.0,52.0
2016_11_TB_KC,7.5,44.5
2016_11_ARI_MIN,-0.0,41.5
2016_11_CHI_NYG,7.0,45.5
2016_11_MIA_LA,1.0,40.5
2016_11_PHI_SEA,6.0,45.5
2016_11_NE_SF,-13.5,51.5
2016_11_GB_WAS,2.5,50.0
2016_11_HOU_OAK,5.0,46.0
2016_12_MIN_DET,2.5,42.5
2016_12_WAS_DAL,7.0,48.5
2016_12_PIT_IND,-2.5,53.5
2016_12_ARI_ATL,4.0,50.5
2016_12_CIN_BAL,3.5,41.5
2016_12_JAX_BUF,7.0,45.5
2016_12_TEN_CHI,-2.0,44.5
2016_12_NYG_CLE,-7.0,44.5
2016_12_SD_HOU,-0.0,47.0
2016_12_SF_MIA,7.5,45.5
2016_12_LA_NO,7.0,45.5
2016_12_SEA_TB,-5.0,44.5
2016_12_NE_NYJ,-8.5,47.0
2016_12_CAR_OAK,3.5,48.0
2016_12_KC_DEN,3.5,39.5
2016_12_GB_PHI,3.5,48.0
2016_13_DAL_MIN,-2.5,44.0
2016_13_KC_ATL,3.5,49.0
2016_13_MIA_BAL,3.5,41.5
2016_13_SF_CHI,2.5,42.5
2016_13_PHI_CIN,-1.0,42.0
2016_13_HOU_GB,6.5,45.5
2016_13_DEN_JAX,-4.5,43.0
2016_13_LA_NE,13.5,45.5
2016_13_DET_NO,4.0,53.5
2016_13_BUF_OAK,3.5,49.5
2016_13_WAS_ARI,2.5,49.5
2016_13_NYG_PIT,5.5,50.0
2016_13_TB_SD,3.5,46.5
2016_13_CAR_SEA,6.5,45.0
2016_13_IND_NYJ,-2.0,49.0
2016_14_OAK_KC,3.0,46.5
2016_14_PIT_BUF,-2.0,47.5
2016_14_SD_CAR,1.0,49.0
2016_14_CIN_CLE,-4.0,43.0
2016_14_CHI_DET,7.5,43.5
2016_14_HOU_IND,6.0,47.0
2016_14_MIN_JAX,-3.0,40.0
2016_14_ARI_MIA,2.5,43.5
2016_14_WAS_PHI,-1.0,46.5
2016_14_DEN_TEN,1.5,43.5
2016_14_NYJ_SF,1.0,44.5
2016_14_SEA_GB,-2.5,46.5
2016_14_ATL_LA,-4.5,46.0
2016_14_NO_TB,2.5,51.0
2016_14_DAL_NYG,-3.0,47.5
2016_14_BAL_NE,7.5,44.5
2016_15_LA_SEA,14.0,39.5
2016_15_MIA_NYJ,-3.0,40.5
2016_15_PHI_BAL,6.0,41.5
2016_15_CLE_BUF,10.5,43.0
2016_15_GB_CHI,-6.5,40.5
2016_15_PIT_CIN,-3.0,44.5
2016_15_JAX_HOU,5.0,40.5
2016_15_TEN_KC,5.0,43.0
2016_15_IND_MIN,3.5,45.5
2016_15_DET_NYG,4.0,43.0
2016_15_NO_ARI,2.5,50.0
2016_15_SF_ATL,13.0,52.0
2016_15_NE_DEN,-3.0,44.0
2016_15_OAK_SD,-3.0,50.0
2016_15_TB_DAL,7.0,46.0
2016_15_CAR_WAS,4.5,51.0
2016_16_NYG_PHI,-3.0,42.0
2016_16_MIA_BUF,3.5,42.0
2016_16_ATL_CAR,-2.0,51.5
2016_16_WAS_CHI,-3.0,45.0
2016_16_SD_CLE,-6.0,44.0
2016_16_MIN_GB,7.0,43.5
2016_16_TEN_JAX,-4.5,43.5
2016_16_NYJ_NE,16.5,43.5
2016_16_IND_OAK,4.0,53.0
2016_16_SF_LA,3.0,41.0
2016_16_TB_NO,3.0,52.5
2016_16_ARI_SEA,7.5,43.5
2016_16_CIN_HOU,2.5,41.5
2016_16_BAL_PIT,4.0,44.5
2016_16_DEN_KC,4.0,38.0
2016_16_DET_DAL,7.5,41.5
2016_17_BAL_CIN,2.5,41.0
2016_17_JAX_IND,6.0,48.0
2016_17_NE_MIA,-7.5,44.5
2016_17_CHI_MIN,6.5,41.0
2016_17_BUF_NYJ,-6.0,44.0
2016_17_DAL_PHI,3.5,43.0
2016_17_CLE_PIT,10.0,44.5
2016_17_CAR_TB,4.0,47.5
2016_17_HOU_TEN,3.0,40.5
2016_17_NO_ATL,7.0,55.5
2016_17_OAK_DEN,3.5,41.5
2016_17_ARI_LA,-7.0,40.5
2016_17_KC_SD,-4.0,45.0
2016_17_SEA_SF,-9.5,44.0
2016_17_NYG_WAS,8.0,44.0
2016_17_GB_DET,-3.5,48.0
2017_01_KC_NE,8.0,48.0
2017_01_NYJ_BUF,7.0,42.0
2017_01_ATL_CHI,-7.0,50.5
2017_01_BAL_CIN,3.0,42.5
2017_01_PIT_CLE,-9.0,47.0
2017_01_ARI_DET,1.0,48.0
2017_01_JAX_HOU,4.5,40.5
2017_01_OAK_TEN,1.0,51.5
2017_01_PHI_WAS,1.0,48.0
2017_01_IND_LA,3.0,42.0
2017_01_SEA_GB,3.0,49.5
2017_01_CAR_SF,-6.0,48.0
2017_01_NYG_DAL,3.5,48.5
2017_01_NO_MIN,3.5,48.0
2017_01_LAC_DEN,3.5,44.0
2017_02_HOU_CIN,3.0,38.5
2017_02_CLE_BAL,7.5,41.0
2017_02_BUF_CAR,7.0,42.5
2017_02_ARI_IND,-7.0,44.0
2017_02_TEN_JAX,-0.0,44.0
2017_02_PHI_KC,4.5,47.5
2017_02_NE_NO,-4.5,54.0
2017_02_MIN_PIT,7.0,45.0
2017_02_CHI_TB,6.5,43.0
2017_02_MIA_LAC,5.0,45.0
2017_02_NYJ_OAK,14.0,43.5
2017_02_DAL_DEN,-2.0,43.0
2017_02_WAS_LA,3.0,46.0
2017_02_SF_SEA,12.0,43.0
2017_02_GB_ATL,2.0,53.5
2017_02_DET_NYG,4.5,43.5
2017_03_LA_SF,-2.5,41.0
2017_03_DEN_BUF,-2.0,41.0
2017_03_NO_CAR,6.0,49.0
2017_03_PIT_CHI,-7.5,45.5
2017_03_ATL_DET,-3.0,48.5
2017_03_CLE_IND,-1.0,40.5
2017_03_TB_MIN,-2.5,39.5
2017_03_HOU_NE,13.0,43.5
2017_03_MIA_NYJ,-6.0,41.5
2017_03_NYG_PHI,5.0,43.5
2017_03_SEA_TEN,2.5,43.0
2017_03_CIN_GB,10.0,44.5
2017_03_KC_LAC,-2.5,45.5
2017_03_OAK_WAS,-3.5,53.0
2017_03_BAL_JAX,-4.0,40.5
2017_03_DAL_ARI,-3.5,47.5
2017_04_CHI_GB,7.5,45.5
2017_04_BUF_ATL,8.0,48.5
2017_04_PIT_BAL,-2.5,45.0
2017_04_CIN_CLE,-3.5,40.0
2017_04_LA_DAL,7.5,46.5
2017_04_TEN_HOU,-1.5,43.5
2017_04_DET_MIN,1.5,42.5
2017_04_CAR_NE,8.5,48.0
2017_04_JAX_NYJ,-3.5,39.5
2017_04_SF_ARI,7.0,44.5
2017_04_PHI_LAC,1.0,46.5
2017_04_NYG_TB,4.0,44.0
2017_04_OAK_DEN,2.5,46.5
2017_04_IND_SEA,13.5,41.5
2017_04_NO_MIA,-2.5,50.0
2017_04_WAS_KC,7.0,49.5
2017_05_NE_TB,-4.5,54.0
2017_05_BUF_CIN,3.0,39.0
2017_05_NYJ_CLE,1.5,39.0
2017_05_CAR_DET,3.0,43.5
2017_05_SF_IND,1.5,43.0
2017_05_TEN_MIA,-3.0,43.5
2017_05_LAC_NYG,4.5,44.5
2017_05_ARI_PHI,6.0,45.0
2017_05_JAX_PIT,8.5,44.5
2017_05_SEA_LA,2.5,46.0
2017_05_BAL_OAK,2.5,40.0
2017_05_GB_DAL,2.5,52.5
2017_05_KC_HOU,-0.0,47.0
2017_05_MIN_CHI,-2.0,40.5
2017_06_PHI_CAR,3.0,45.0
2017_06_MIA_ATL,10.0,48.0
2017_06_CHI_BAL,6.5,39.5
2017_06_CLE_HOU,9.5,44.0
2017_06_GB_MIN,-3.0,46.5
2017_06_DET_NO,3.5,50.5
2017_06_NE_NYJ,-9.5,47.5
2017_06_SF_WAS,10.0,46.5
2017_06_TB_ARI,-2.0,44.0
2017_06_LA_JAX,2.5,44.0
2017_06_PIT_KC,4.0,46.0
2017_06_LAC_OAK,3.5,50.5
2017_06_NYG_DEN,10.0,40.5
2017_06_IND_TEN,8.0,48.0
2017_07_KC_OAK,-3.0,47.5
2017_07_TB_BUF,3.0,44.0
2017_07_CAR_CHI,-3.5,41.5
2017_07_TEN_CLE,-5.5,46.5
2017_07_NO_GB,-4.5,47.5
2017_07_JAX_IND,-3.0,43.5
2017_07_ARI_LA,3.5,47.0
2017_07_NYJ_MIA,4.0,39.0
2017_07_BAL_MIN,4.5,39.5
2017_07_DAL_SF,-6.0,47.0
2017_07_DEN_LAC,1.0,41.5
2017_07_SEA_NYG,-8.0,38.5
2017_07_CIN_PIT,6.0,42.0
2017_07_ATL_NE,4.5,54.0
2017_07_WAS_PHI,5.5,48.5
2017_08_MIA_BAL,3.0,37.5
2017_08_OAK_BUF,3.0,46.0
2017_08_IND_CIN,10.0,41.0
2017_08_LAC_NE,7.0,49.0
2017_08_CHI_NO,9.0,48.0
2017_08_ATL_NYJ,-4.5,46.5
2017_08_SF_PHI,13.0,47.5
2017_08_CAR_TB,2.5,44.0
2017_08_HOU_SEA,5.5,42.0
2017_08_DAL_WAS,-0.0,50.5
2017_08_PIT_DET,-3.0,45.0
2017_08_MIN_CLE,-8.5,37.5
2017_08_DEN_KC,7.5,42.0
2017_09_BUF_NYJ,-3.5,42.0
2017_09_ATL_CAR,2.0,44.0
2017_09_IND_HOU,13.0,48.0
2017_09_CIN_JAX,3.5,39.5
2017_09_TB_NO,7.0,50.0
2017_09_LA_NYG,-3.5,43.5
2017_09_DEN_PHI,7.5,43.5
2017_09_BAL_TEN,3.5,43.0
2017_09_WAS_SEA,7.0,45.0
2017_09_ARI_SF,-2.5,39.0
2017_09_KC_DAL,-0.0,51.0
2017_09_OAK_MIA,-2.5,43.5
2017_09_DET_GB,-2.5,43.0
2017_10_SEA_ARI,-6.0,42.5
2017_10_NO_BUF,-2.0,48.5
2017_10_GB_CHI,4.5,38.0
2017_10_CLE_DET,13.0,43.5
2017_10_PIT_IND,-10.5,43.0
2017_10_LAC_JAX,4.0,41.5
2017_10_NYJ_TB,-2.5,41.0
2017_10_CIN_TEN,5.5,40.5
2017_10_MIN_WAS,-2.0,42.5
2017_10_HOU_LA,11.5,47.0
2017_10_DAL_ATL,3.0,50.5
2017_10_NYG_SF,1.0,42.0
2017_10_NE_DEN,-7.5,46.0
2017_10_MIA_CAR,10.0,39.5
2017_11_TEN_PIT,7.0,44.0
2017_11_DET_CHI,-3.0,44.0
2017_11_JAX_CLE,-7.5,38.0
2017_11_BAL_GB,-2.0,38.5
2017_11_ARI_HOU,-0.0,38.5
2017_11_TB_MIA,-0.0,40.0
2017_11_LA_MIN,2.5,46.0
2017_11_WAS_NO,7.5,50.0
2017_11_KC_NYG,-11.0,43.5
2017_11_BUF_LAC,4.5,43.5
2017_11_CIN_DEN,2.5,40.0
2017_11_NE_OAK,-5.5,50.0
2017_11_PHI_DAL,-3.5,47.0
2017_11_ATL_SEA,3.0,45.0
2017_12_MIN_DET,1.0,44.5
2017_12_LAC_DAL,2.5,48.0
2017_12_NYG_WAS,7.5,44.5
2017_12_TB_ATL,10.0,49.0
2017_12_CLE_CIN,8.0,38.0
2017_12_TEN_IND,-4.5,44.0
2017_12_BUF_KC,9.5,45.0
2017_12_MIA_NE,17.0,47.5
2017_12_CAR_NYJ,-4.5,39.5
2017_12_CHI_PHI,13.5,44.0
2017_12_SEA_SF,-7.0,42.0
2017_12_JAX_ARI,-4.0,38.0
2017_12_NO_LA,2.5,54.0
2017_12_DEN_OAK,5.0,43.0
2017_12_GB_PIT,13.5,41.5
2017_12_HOU_BAL,7.5,38.0
2017_13_WAS_DAL,1.5,44.5
2017_13_MIN_ATL,3.0,47.0
2017_13_DET_BAL,3.0,40.0
2017_13_NE_BUF,-7.5,49.5
2017_13_SF_CHI,4.0,39.5
2017_13_TB_GB,-1.5,44.0
2017_13_IND_JAX,8.5,40.5
2017_13_DEN_MIA,-1.0,38.0
2017_13_KC_NYJ,-4.0,43.5
2017_13_HOU_TEN,7.5,42.0
2017_13_CLE_LAC,13.0,42.5
2017_13_LA_ARI,-6.5,45.5
2017_13_CAR_NO,4.0,48.0
2017_13_NYG_OAK,7.5,40.5
2017_13_PHI_SEA,-3.5,48.0
2017_13_PIT_CIN,-6.0,43.5
2017_14_NO_ATL,1.5,54.5
2017_14_IND_BUF,3.5,39.5
2017_14_MIN_CAR,-2.0,42.0
2017_14_CHI_CIN,6.0,37.0
2017_14_GB_CLE,-4.0,41.0
2017_14_SF_HOU,1.5,42.5
2017_14_OAK_KC,4.0,47.5
2017_14_DAL_NYG,-6.0,41.0
2017_14_DET_TB,-2.0,43.0
2017_14_TEN_ARI,-3.0,44.5
2017_14_NYJ_DEN,-1.0,40.5
2017_14_WAS_LAC,6.5,46.0
2017_14_SEA_JAX,3.0,39.0
2017_14_PHI_LA,1.0,51.0
2017_14_BAL_PIT,6.0,43.5
2017_14_NE_MIA,-12.0,48.5
2017_15_DEN_IND,-1.5,41.0
2017_15_CHI_DET,6.5,43.5
2017_15_LAC_KC,-0.0,45.5
2017_15_MIA_BUF,3.5,39.0
2017_15_GB_CAR,3.0,45.5
2017_15_BAL_CLE,-7.5,40.0
2017_15_HOU_JAX,11.0,39.5
2017_15_CIN_MIN,11.5,41.0
2017_15_NYJ_NO,14.5,47.0
2017_15_PHI_NYG,-7.5,40.0
2017_15_ARI_WAS,4.0,44.0
2017_15_LA_SEA,-0.0,47.5
2017_15_NE_PIT,-2.0,53.0
2017_15_TEN_SF,2.0,45.0
2017_15_DAL_OAK,-2.5,46.0
2017_15_ATL_TB,-6.0,47.5
2017_16_IND_BAL,13.5,41.5
2017_16_MIN_GB,-9.0,40.5
2017_16_TB_CAR,10.0,46.5
2017_16_CLE_CHI,7.0,38.0
2017_16_DET_CIN,-4.0,43.0
2017_16_MIA_KC,10.0,45.0
2017_16_BUF_NE,12.5,47.0
2017_16_ATL_NO,5.5,52.5
2017_16_LAC_NYJ,-7.5,42.5
2017_16_LA_TEN,-6.5,49.0
2017_16_DEN_WAS,4.0,41.0
2017_16_JAX_SF,-4.5,42.5
2017_16_NYG_ARI,4.5,40.0
2017_16_SEA_DAL,4.5,47.0
2017_16_PIT_HOU,-10.0,44.0
2017_16_OAK_PHI,9.0,48.5
2017_17_GB_DET,7.5,42.5
2017_17_HOU_IND,-0.0,43.0
2017_17_CHI_MIN,12.5,39.5
2017_17_NYJ_NE,16.5,46.0
2017_17_WAS_NYG,-3.5,38.5
2017_17_DAL_PHI,-0.0,43.0
2017_17_CLE_PIT,16.0,41.0
2017_17_CAR_ATL,3.5,47.0
2017_17_CIN_BAL,10.0,40.5
2017_17_KC_DEN,3.5,39.0
2017_17_SF_LA,6.5,44.0
2017_17_OAK_LAC,9.0,43.5
2017_17_BUF_MIA,-3.0,42.5
2017_17_ARI_SEA,7.5,40.5
2017_17_NO_TB,-7.5,50.5
2017_17_JAX_TEN,6.0,41.0
2018_01_ATL_PHI,4.0,46.0
2018_01_BUF_BAL,6.0,41.0
2018_01_PIT_CLE,-5.5,46.5
2018_01_CIN_IND,3.0,46.0
2018_01_TEN_MIA,-1.5,45.0
2018_01_SF_MIN,5.5,46.0
2018_01_HOU_NE,6.5,51.0
2018_01_TB_NO,9.5,49.5
2018_01_JAX_NYG,-3.0,43.5
2018_01_KC_LAC,3.0,47.0
2018_01_WAS_ARI,1.0,44.0
2018_01_DAL_CAR,2.5,44.0
2018_01_SEA_DEN,2.5,42.0
2018_01_CHI_GB,8.0,47.5
2018_01_NYJ_DET,6.5,44.0
2018_01_LA_OAK,-3.0,49.5
2018_02_BAL_CIN,-1.0,44.0
2018_02_CAR_ATL,4.5,44.0
2018_02_LAC_BUF,-7.5,44.0
2018_02_MIN_GB,1.5,46.5
2018_02_CLE_NO,8.0,49.5
2018_02_MIA_NYJ,3.0,44.0
2018_02_KC_PIT,4.5,49.5
2018_02_PHI_TB,-3.0,44.0
2018_02_HOU_TEN,-2.0,45.0
2018_02_IND_WAS,5.5,47.5
2018_02_ARI_LA,13.0,46.5
2018_02_DET_SF,5.5,47.5
2018_02_OAK_DEN,6.0,45.0
2018_02_NE_JAX,-2.5,45.0
2018_02_NYG_DAL,3.0,44.0
2018_02_SEA_CHI,3.5,43.5
2018_03_NYJ_CLE,3.0,39.5
2018_03_NO_ATL,3.0,53.0
2018_03_DEN_BAL,4.5,43.5
2018_03_CIN_CAR,3.0,43.5
2018_03_NYG_HOU,6.0,41.5
2018_03_TEN_JAX,10.0,40.0
2018_03_SF_KC,6.0,55.0
2018_03_OAK_MIA,3.0,43.5
2018_03_BUF_MIN,16.5,40.5
2018_03_IND_PHI,6.5,47.5
2018_03_GB_WAS,-3.0,47.5
2018_03_LAC_LA,6.5,48.0
2018_03_CHI_ARI,-6.0,37.5
2018_03_DAL_SEA,1.0,41.5
2018_03_NE_DET,-6.5,50.0
2018_03_PIT_TB,-2.5,52.0
2018_04_MIN_LA,7.0,48.0
2018_04_CIN_ATL,5.5,48.0
2018_04_TB_CHI,3.0,46.5
2018_04_DET_DAL,3.0,44.0
2018_04_BUF_GB,10.5,44.5
2018_04_HOU_IND,2.5,47.0
2018_04_NYJ_JAX,8.5,38.0
2018_04_MIA_NE,7.0,48.0
2018_04_PHI_TEN,-3.0,42.0
2018_04_SEA_ARI,-3.0,37.5
2018_04_CLE_OAK,2.5,44.5
2018_04_SF_LAC,9.5,47.0
2018_04_NO_NYG,-3.5,50.0
2018_04_BAL_PIT,3.5,51.0
2018_04_KC_DEN,-4.0,55.0
2018_05_IND_NE,10.0,53.0
2018_05_TEN_BUF,-3.0,39.5
2018_05_NYG_CAR,6.0,44.0
2018_05_MIA_CIN,5.5,50.0
2018_05_BAL_CLE,-3.0,47.0
2018_05_GB_DET,-1.0,51.0
2018_05_JAX_KC,3.0,48.5
2018_05_DEN_NYJ,2.5,43.0
2018_05_ATL_PIT,3.0,56.5
2018_05_OAK_LAC,6.5,51.5
2018_05_MIN_PHI,3.0,44.5
2018_05_LA_SEA,-7.0,49.0
2018_05_ARI_SF,5.5,41.0
2018_05_DAL_HOU,3.0,45.0
2018_05_WAS_NO,6.5,51.5
2018_06_PHI_NYG,-2.5,45.0
2018_06_TB_ATL,3.5,57.5
2018_06_PIT_CIN,2.5,54.5
2018_06_LAC_CLE,-1.5,46.0
2018_06_BUF_HOU,9.5,41.0
2018_06_CHI_MIA,-3.0,44.0
2018_06_ARI_MIN,10.5,43.0
2018_06_IND_NYJ,3.0,45.5
2018_06_SEA_OAK,-3.0,47.0
2018_06_CAR_WAS,1.0,45.0
2018_06_LA_DEN,-7.0,52.5
2018_06_JAX_DAL,-3.0,41.0
2018_06_BAL_TEN,-1.5,42.0
2018_06_KC_NE,3.0,58.5
2018_06_SF_GB,9.5,46.5
2018_07_DEN_ARI,-1.5,40.0
2018_07_NE_CHI,-2.5,50.0
2018_07_BUF_IND,7.5,43.5
2018_07_HOU_JAX,4.0,43.0
2018_07_DET_MIA,-3.0,46.5
2018_07_MIN_NYJ,-3.0,47.0
2018_07_CAR_PHI,3.5,45.0
2018_07_CLE_TB,3.0,49.0
2018_07_NO_BAL,2.5,50.0
2018_07_LA_SF,-10.0,52.5
2018_07_DAL_WAS,2.0,42.0
2018_07_CIN_KC,5.5,58.5
2018_07_TEN_LAC,6.0,45.0
2018_07_NYG_ATL,5.5,54.0
2018_08_MIA_HOU,6.5,45.5
2018_08_BAL_CAR,-1.5,43.5
2018_08_NYJ_CHI,7.0,46.0
2018_08_TB_CIN,6.0,53.5
2018_08_SEA_DET,3.0,49.0
2018_08_DEN_KC,10.0,55.5
2018_08_WAS_NYG,-1.0,42.0
2018_08_CLE_PIT,7.0,50.5
2018_08_IND_OAK,-1.5,51.0
2018_08_SF_ARI,1.0,43.5
2018_08_GB_LA,9.0,56.5
2018_08_NO_MIN,1.5,52.0
2018_08_PHI_JAX,-3.0,41.0
2018_08_NE_BUF,-13.0,44.5
2018_09_OAK_SF,3.0,47.5
2018_09_PIT_BAL,3.0,47.5
2018_09_CHI_BUF,-8.5,37.5
2018_09_TB_CAR,6.5,54.0
2018_09_KC_CLE,-8.0,52.0
2018_09_NYJ_MIA,3.0,45.5
2018_09_DET_MIN,5.0,51.0
2018_09_ATL_WAS,2.0,47.5
2018_09_HOU_DEN,2.5,46.5
2018_09_LAC_SEA,2.0,48.0
2018_09_LA_NO,1.0,59.0
2018_09_GB_NE,6.5,56.5
2018_09_TEN_DAL,4.5,42.0
2018_10_CAR_PIT,5.0,50.0
2018_10_DET_CHI,6.5,45.0
2018_10_NO_CIN,-4.0,55.0
2018_10_ATL_CLE,-4.0,51.0
2018_10_JAX_IND,3.5,47.5
2018_10_ARI_KC,16.5,50.0
2018_10_BUF_NYJ,8.0,37.0
2018_10_WAS_TB,1.0,51.5
2018_10_NE_TEN,-7.0,46.5
2018_10_LAC_OAK,-10.0,50.5
2018_10_MIA_GB,9.0,47.5
2018_10_SEA_LA,10.0,51.5
2018_10_DAL_PHI,6.5,43.5
2018_10_NYG_SF,3.0,43.5
2018_11_GB_SEA,3.0,49.5
2018_11_DAL_ATL,3.0,47.5
2018_11_CIN_BAL,4.0,43.5
2018_11_CAR_DET,-3.5,52.0
2018_11_TEN_IND,3.0,48.0
2018_11_PIT_JAX,-5.0,47.5
2018_11_TB_NYG,1.0,52.5
2018_11_HOU_WAS,-2.5,43.0
2018_11_OAK_ARI,4.0,41.0
2018_11_DEN_LAC,7.0,47.0
2018_11_PHI_NO,9.0,54.5
2018_11_MIN_CHI,3.0,45.5
2018_11_KC_LA,2.5,63.5
2018_12_CHI_DET,-4.0,45.0
2018_12_WAS_DAL,8.0,41.0
2018_12_ATL_NO,12.5,59.0
2018_12_OAK_BAL,11.5,42.5
2018_12_JAX_BUF,-3.5,38.0
2018_12_SEA_CAR,3.5,47.0
2018_12_CLE_CIN,3.0,47.5
2018_12_NE_NYJ,-9.5,46.5
2018_12_NYG_PHI,4.5,46.0
2018_12_SF_TB,3.5,55.0
2018_12_ARI_LAC,11.0,44.5
2018_12_PIT_DEN,-3.5,47.5
2018_12_MIA_IND,10.0,51.0
2018_12_GB_MIN,4.0,48.0
2018_12_TEN_HOU,6.0,41.0
2018_13_NO_DAL,-7.5,53.0
2018_13_BAL_ATL,-1.5,49.0
2018_13_DEN_CIN,-3.5,42.5
2018_13_LA_DET,-9.5,54.5
2018_13_ARI_GB,14.0,46.0
2018_13_CLE_HOU,6.5,48.0
2018_13_IND_JAX,-3.5,48.0
2018_13_BUF_MIA,6.0,40.5
2018_13_CHI_NYG,-4.0,44.5
2018_13_CAR_TB,-4.0,56.0
2018_13_KC_OAK,-15.0,56.0
2018_13_NYJ_TEN,9.0,40.5
2018_13_MIN_NE,5.5,48.0
2018_13_SF_SEA,10.0,46.0
2018_13_LAC_PIT,3.5,52.5
2018_13_WAS_PHI,7.0,44.0
2018_14_JAX_TEN,4.5,38.0
2018_14_NYJ_BUF,3.5,38.0
2018_14_CAR_CLE,-1.0,46.5
2018_14_ATL_GB,5.5,47.5
2018_14_IND_HOU,4.0,49.5
2018_14_BAL_KC,7.0,53.5
2018_14_NE_MIA,-7.5,48.0
2018_14_NO_TB,-8.0,57.5
2018_14_NYG_WAS,-4.0,41.0
2018_14_CIN_LAC,14.5,47.0
2018_14_DEN_SF,-5.5,44.0
2018_14_DET_ARI,-2.5,41.5
2018_14_PHI_DAL,4.0,43.5
2018_14_PIT_OAK,-11.5,52.0
2018_14_LA_CHI,-3.0,54.0
2018_14_MIN_SEA,3.0,45.0
2018_15_LAC_KC,3.5,56.5
2018_15_HOU_NYJ,-6.0,42.5
2018_15_CLE_DEN,3.5,44.5
2018_15_ARI_ATL,9.0,44.0
2018_15_TB_BAL,8.0,47.0
2018_15_DET_BUF,1.5,38.0
2018_15_GB_CHI,6.5,46.5
2018_15_OAK_CIN,3.0,46.5
2018_15_DAL_IND,2.5,47.0
2018_15_WAS_JAX,6.5,36.0
2018_15_MIA_MIN,7.0,43.0
2018_15_TEN_NYG,2.5,43.5
2018_15_SEA_SF,-6.5,44.5
2018_15_NE_PIT,-1.0,52.0
2018_15_PHI_LA,9.5,53.5
2018_15_NO_CAR,-6.5,54.0
2018_16_WAS_TEN,10.0,37.0
2018_16_BAL_LAC,4.5,45.0
2018_16_ATL_CAR,3.0,47.0
2018_16_CIN_CLE,6.5,46.0
2018_16_TB_DAL,7.0,46.0
2018_16_MIN_DET,-4.5,43.5
2018_16_NYG_IND,9.0,47.0
2018_16_JAX_MIA,5.0,40.0
2018_16_BUF_NE,12.5,45.5
2018_16_GB_NYJ,-2.5,45.0
2018_16_HOU_PHI,-1.0,45.0
2018_16_LA_ARI,-13.5,47.5
2018_16_CHI_SF,-3.5,43.0
2018_16_PIT_NO,5.5,53.5
2018_16_KC_SEA,-2.5,54.0
2018_16_DEN_OAK,-2.5,45.0
2018_17_MIA_BUF,3.5,38.5
2018_17_DET_GB,7.0,44.0
2018_17_JAX_HOU,8.5,40.5
2018_17_NYJ_NE,12.5,47.5
2018_17_CAR_NO,7.5,45.0
2018_17_DAL_NYG,7.0,42.5
2018_17_ATL_TB,1.0,49.5
2018_17_CLE_BAL,4.5,41.0
2018_17_LAC_DEN,-6.5,41.5
2018_17_OAK_KC,13.5,54.0
2018_17_SF_LA,9.0,50.5
2018_17_CHI_MIN,6.0,41.0
2018_17_CIN_PIT,14.0,48.0
2018_17_ARI_SEA,13.5,40.0
2018_17_PHI_WAS,-6.5,41.5
2018_17_IND_TEN,-3.0,44.0
2019_01_GB_CHI,3.0,46.0
2019_01_LA_CAR,-2.5,50.5
2019_01_TEN_CLE,5.5,45.5
2019_01_KC_JAX,-4.0,52.0
2019_01_BAL_MIA,-5.0,37.5
2019_01_ATL_MIN,4.0,47.5
2019_01_BUF_NYJ,3.0,39.5
2019_01_WAS_PHI,8.5,45.5
2019_01_IND_LAC,7.0,44.0
2019_01_CIN_SEA,9.5,43.5
2019_01_DET_ARI,-2.5,47.5
2019_01_NYG_DAL,7.0,45.5
2019_01_SF_TB,1.0,49.5
2019_01_PIT_NE,6.0,51.0
2019_01_HOU_NO,7.0,53.0
2019_01_DEN_OAK,1.0,43.0
2019_02_TB_CAR,6.5,51.0
2019_02_ARI_BAL,13.0,42.5
2019_02_SF_CIN,-2.0,45.0
2019_02_LAC_DET,-3.0,47.0
2019_02_MIN_GB,3.0,45.5
2019_02_JAX_HOU,8.0,44.5
2019_02_NE_MIA,-15.0,47.0
2019_02_BUF_NYG,-2.5,42.5
2019_02_SEA_PIT,3.5,46.5
2019_02_IND_TEN,3.0,44.0
2019_02_DAL_WAS,-4.5,44.0
2019_02_KC_OAK,-8.0,52.0
2019_02_CHI_DEN,1.0,40.5
2019_02_NO_LA,3.0,54.0
2019_02_PHI_ATL,-1.0,51.0
2019_02_CLE_NYJ,-2.5,46.0
2019_03_TEN_JAX,-2.0,40.0
2019_03_CIN_BUF,5.0,42.0
2019_03_MIA_DAL,20.5,47.5
2019_03_DEN_GB,8.0,43.5
2019_03_ATL_IND,2.5,47.5
2019_03_BAL_KC,7.0,54.5
2019_03_OAK_MIN,7.5,43.5
2019_03_NYJ_NE,20.5,46.0
2019_03_DET_PHI,7.5,49.0
2019_03_CAR_ARI,-2.5,45.5
2019_03_NYG_TB,6.5,48.5
2019_03_HOU_LAC,3.5,48.5
2019_03_NO_SEA,5.0,45.0
2019_03_PIT_SF,7.0,44.0
2019_03_LA_CLE,-2.5,51.0
2019_03_CHI_WAS,-4.0,42.0
2019_04_PHI_GB,4.5,47.5
2019_04_TEN_ATL,5.0,46.0
2019_04_CLE_BAL,5.5,46.5
2019_04_NE_BUF,-7.5,43.5
2019_04_KC_DET,-6.5,54.0
2019_04_CAR_HOU,4.5,46.0
2019_04_OAK_IND,6.5,44.5
2019_04_LAC_MIA,-16.5,45.0
2019_04_WAS_NYG,3.0,46.5
2019_04_SEA_ARI,-4.0,47.0
2019_04_TB_LA,10.0,48.5
2019_04_MIN_CHI,3.0,38.0
2019_04_JAX_DEN,3.0,38.0
2019_04_DAL_NO,-3.0,46.0
2019_04_CIN_PIT,4.5,44.0
2019_05_LA_SEA,-1.0,49.0
2019_05_JAX_CAR,3.5,41.0
2019_05_ARI_CIN,4.0,48.0
2019_05_ATL_HOU,4.5,48.5
2019_05_TB_NO,5.5,47.0
2019_05_MIN_NYG,-4.5,45.0
2019_05_CHI_OAK,-5.5,41.0
2019_05_NYJ_PHI,14.0,44.5
2019_05_BAL_PIT,-4.0,42.5
2019_05_BUF_TEN,2.5,38.5
2019_05_NE_WAS,-14.5,46.0
2019_05_DEN_LAC,6.5,44.0
2019_05_GB_DAL,4.0,48.0
2019_05_IND_KC,10.0,57.0
2019_05_CLE_SF,3.0,47.5
2019_06_NYG_NE,16.5,44.5
2019_06_CAR_TB,1.0,47.5
2019_06_CIN_BAL,12.0,47.5
2019_06_SEA_CLE,2.5,47.0
2019_06_NO_JAX,-1.0,45.0
2019_06_HOU_KC,7.5,55.0
2019_06_WAS_MIA,-3.5,41.0
2019_06_PHI_MIN,3.0,44.0
2019_06_ATL_ARI,-2.0,51.0
2019_06_SF_LA,4.0,48.5
2019_06_TEN_DEN,2.5,39.5
2019_06_DAL_NYJ,-8.5,43.5
2019_06_PIT_LAC,5.5,43.5
2019_06_DET_GB,6.0,46.5
2019_07_KC_DEN,-3.5,50.5
2019_07_LA_ATL,-3.0,53.0
2019_07_MIA_BUF,16.5,39.5
2019_07_JAX_CIN,-3.0,44.5
2019_07_MIN_DET,1.0,44.0
2019_07_OAK_GB,7.0,46.5
2019_07_HOU_IND,1.0,49.0
2019_07_ARI_NYG,2.5,49.5
2019_07_SF_WAS,-9.5,42.5
2019_07_LAC_TEN,2.5,40.5
2019_07_NO_CHI,4.0,39.5
2019_07_BAL_SEA,3.5,50.0
2019_07_PHI_DAL,3.0,48.5
2019_07_NE_NYJ,-9.5,43.0
2019_08_WAS_MIN,15.5,41.0
2019_08_SEA_ATL,-6.5,53.0
2019_08_PHI_BUF,1.0,42.0
2019_08_LAC_CHI,5.5,40.5
2019_08_NYG_DET,7.0,49.0
2019_08_DEN_IND,6.5,44.0
2019_08_NYJ_JAX,4.5,41.0
2019_08_CIN_LA,12.5,48.5
2019_08_ARI_NO,9.5,48.0
2019_08_TB_TEN,2.5,46.5
2019_08_CAR_SF,5.5,41.5
2019_08_OAK_HOU,7.0,50.0
2019_08_CLE_NE,10.5,46.5
2019_08_GB_KC,-3.0,48.0
2019_08_MIA_PIT,14.5,43.0
2019_09_SF_ARI,-8.0,44.0
2019_09_HOU_JAX,-2.5,47.0
2019_09_WAS_BUF,10.0,36.5
2019_09_TEN_CAR,3.5,41.0
2019_09_MIN_KC,-3.5,47.0
2019_09_NYJ_MIA,-5.5,41.0
2019_09_CHI_PHI,5.0,44.0
2019_09_IND_PIT,-1.0,43.5
2019_09_DET_OAK,2.0,51.5
2019_09_TB_SEA,6.5,53.5
2019_09_CLE_DEN,1.5,43.0
2019_09_GB_LAC,-3.0,46.0
2019_09_NE_BAL,-3.5,44.5
2019_09_DAL_NYG,-7.0,48.5
2019_10_LAC_OAK,2.0,47.5
2019_10_DET_CHI,3.0,43.5
2019_10_BAL_CIN,-10.0,46.5
2019_10_BUF_CLE,2.5,41.5
2019_10_ATL_NO,12.0,51.5
2019_10_NYG_NYJ,-2.0,43.0
2019_10_ARI_TB,5.5,54.0
2019_10_KC_TEN,-5.5,47.5
2019_10_MIA_IND,12.0,43.5
2019_10_CAR_GB,6.0,48.0
2019_10_LA_PIT,-4.0,45.5
2019_10_MIN_DAL,3.0,47.0
2019_10_SEA_SF,6.5,44.5
2019_11_PIT_CLE,3.0,40.5
2019_11_HOU_BAL,5.0,50.0
2019_11_ATL_CAR,6.0,51.0
2019_11_DAL_DET,-6.5,47.0
2019_11_JAX_IND,3.0,44.0
2019_11_BUF_MIA,-6.5,39.5
2019_11_DEN_MIN,10.0,38.5
2019_11_NO_TB,-5.5,51.0
2019_11_NYJ_WAS,1.0,38.0
2019_11_ARI_SF,13.5,45.0
2019_11_CIN_OAK,10.0,48.0
2019_11_NE_PHI,-3.5,45.5
2019_11_CHI_LA,7.0,41.0
2019_11_KC_LAC,-4.5,53.5
2019_12_IND_HOU,3.5,47.0
2019_12_TB_ATL,4.0,53.0
2019_12_DEN_BUF,5.0,36.5
2019_12_NYG_CHI,7.0,41.0
2019_12_PIT_CIN,-6.5,40.0
2019_12_MIA_CLE,10.5,44.5
2019_12_CAR_NO,9.5,47.5
2019_12_OAK_NYJ,-3.5,47.0
2019_12_SEA_PHI,2.5,49.5
2019_12_DET_WAS,-3.0,42.0
2019_12_JAX_TEN,3.0,42.0
2019_12_DAL_NE,7.0,46.5
2019_12_GB_SF,3.0,46.0
2019_12_BAL_LA,-2.5,49.0
2019_13_CHI_DET,-1.0,39.0
2019_13_BUF_DAL,7.0,44.5
2019_13_NO_ATL,-6.5,50.0
2019_13_SF_BAL,4.5,46.0
2019_13_WAS_CAR,9.5,40.5
2019_13_NYJ_CIN,-3.5,39.5
2019_13_TEN_IND,3.0,43.0
2019_13_TB_JAX,1.5,49.0
2019_13_PHI_MIA,-7.5,46.0
2019_13_GB_NYG,-6.5,47.0
2019_13_CLE_PIT,-1.0,40.0
2019_13_LA_ARI,-4.0,47.0
2019_13_LAC_DEN,-1.0,38.5
2019_13_OAK_KC,10.0,54.5
2019_13_NE_HOU,-3.0,44.5
2019_13_MIN_SEA,3.0,49.0
2019_14_DAL_CHI,-3.0,43.0
2019_14_CAR_ATL,2.5,48.5
2019_14_BAL_BUF,-6.0,43.5
2019_14_CIN_CLE,10.5,43.0
2019_14_WAS_GB,13.5,42.0
2019_14_DEN_HOU,8.0,41.0
2019_14_DET_MIN,13.5,42.5
2019_14_SF_NO,3.0,45.5
2019_14_MIA_NYJ,5.5,44.0
2019_14_IND_TB,3.0,48.5
2019_14_LAC_JAX,-2.5,43.0
2019_14_PIT_ARI,-2.5,43.0
2019_14_KC_NE,3.5,50.0
2019_14_TEN_OAK,-3.0,46.5
2019_14_SEA_LA,-2.5,46.5
2019_14_NYG_PHI,8.5,47.0
2019_15_NYJ_BAL,14.5,44.5
2019_15_SEA_CAR,-5.5,48.5
2019_15_NE_CIN,-10.0,40.5
2019_15_TB_DET,-3.5,47.5
2019_15_CHI_GB,4.5,41.0
2019_15_DEN_KC,11.5,47.0
2019_15_MIA_NYG,3.5,48.0
2019_15_HOU_TEN,3.0,48.5
2019_15_PHI_WAS,-6.0,40.0
2019_15_CLE_ARI,-2.5,46.5
2019_15_MIN_LAC,-3.0,45.5
2019_15_JAX_OAK,5.5,45.5
2019_15_LA_DAL,2.5,48.0
2019_15_ATL_SF,10.5,46.5
2019_15_BUF_PIT,1.5,37.0
2019_15_IND_NO,9.0,45.5
2019_16_HOU_TB,-1.0,53.0
2019_16_BUF_NE,6.5,38.5
2019_16_LA_SF,6.0,46.0
2019_16_JAX_ATL,7.0,45.5
2019_16_BAL_CLE,-9.5,49.0
2019_16_CAR_IND,6.5,46.5
2019_16_CIN_MIA,1.0,46.0
2019_16_PIT_NYJ,-3.0,38.5
2019_16_NO_TEN,-1.0,51.0
2019_16_NYG_WAS,2.5,42.0
2019_16_DET_DEN,6.5,38.0
2019_16_OAK_LAC,5.5,47.0
2019_16_DAL_PHI,-2.5,47.5
2019_16_ARI_SEA,9.5,50.5
2019_16_KC_CHI,-4.5,45.0
2019_16_GB_MIN,4.0,46.5
2019_17_NYJ_BUF,1.0,37.0
2019_17_NO_CAR,-13.0,48.0
2019_17_CLE_CIN,-2.5,46.0
2019_17_GB_DET,-10.0,41.5
2019_17_LAC_KC,7.5,47.0
2019_17_CHI_MIN,1.0,37.0
2019_17_MIA_NE,16.5,43.5
2019_17_ATL_TB,-1.0,50.0
2019_17_PIT_BAL,1.0,40.0
2019_17_WAS_DAL,10.5,43.5
2019_17_OAK_DEN,3.5,42.0
2019_17_TEN_HOU,-4.0,48.0
2019_17_IND_JAX,-3.0,43.0
2019_17_ARI_LA,7.0,49.0
2019_17_PHI_NYG,-4.5,46.0
2019_17_SF_SEA,-3.0,48.0
2020_01_HOU_KC,10.0,55.0
2020_01_SEA_ATL,-1.0,49.0
2020_01_CLE_BAL,8.5,48.5
2020_01_NYJ_BUF,6.0,40.0
2020_01_LV_CAR,-1.0,47.0
2020_01_CHI_DET,1.5,44.0
2020_01_IND_JAX,-7.0,46.0
2020_01_GB_MIN,3.5,46.5
2020_01_MIA_NE,6.5,43.5
2020_01_PHI_WAS,-6.5,45.0
2020_01_LAC_CIN,-3.0,44.5
2020_01_TB_NO,4.0,49.5
2020_01_ARI_SF,8.0,46.0
2020_01_DAL_LA,-2.5,50.0
2020_01_PIT_NYG,-4.0,48.0
2020_01_TEN_DEN,2.0,42.0
2020_02_CIN_CLE,6.0,45.0
2020_02_NYG_CHI,5.5,43.0
2020_02_ATL_DAL,5.0,52.0
2020_02_DET_GB,5.5,47.5
2020_02_MIN_IND,3.0,47.5
2020_02_BUF_MIA,-5.0,42.0
2020_02_SF_NYJ,-7.0,43.5
2020_02_LA_PHI,1.0,46.0
2020_02_DEN_PIT,5.5,43.0
2020_02_CAR_TB,8.5,48.5
2020_02_JAX_TEN,11.0,43.0
2020_02_WAS_ARI,7.0,45.0
2020_02_BAL_HOU,-6.5,53.0
2020_02_KC_LAC,-8.5,50.5
2020_02_NE_SEA,4.0,44.0
2020_02_NO_LV,-5.5,51.5
2020_03_MIA_JAX,3.0,45.0
2020_03_CHI_ATL,3.0,47.0
2020_03_LA_BUF,2.5,46.5
2020_03_WAS_CLE,6.5,44.5
2020_03_TEN_MIN,-1.5,45.5
2020_03_LV_NE,6.0,47.5
2020_03_SF_NYG,-4.0,42.5
2020_03_CIN_PHI,6.5,46.0
2020_03_HOU_PIT,5.0,45.0
2020_03_NYJ_IND,9.5,44.0
2020_03_CAR_LAC,7.5,44.0
2020_03_DET_ARI,6.0,53.0
2020_03_TB_DEN,-6.0,43.5
2020_03_DAL_SEA,4.5,56.0
2020_03_GB_NO,4.0,51.5
2020_03_KC_BAL,3.0,52.5
2020_04_DEN_NYJ,-2.5,40.0
2020_04_ARI_CAR,-3.5,51.5
2020_04_JAX_CIN,3.0,45.0
2020_04_CLE_DAL,5.0,55.5
2020_04_NO_DET,-4.0,54.0
2020_04_MIN_HOU,4.0,52.0
2020_04_SEA_MIA,-7.0,54.5
2020_04_LAC_TB,7.0,45.5
2020_04_BAL_WAS,-13.0,47.0
2020_04_NYG_LA,12.0,48.0
2020_04_IND_CHI,-3.0,44.0
2020_04_BUF_LV,-2.5,49.5
2020_04_PHI_SF,6.0,43.0
2020_04_NE_KC,7.0,54.0
2020_04_ATL_GB,7.5,58.0
2020_05_TB_CHI,-5.0,44.5
2020_05_CAR_ATL,2.5,53.5
2020_05_CIN_BAL,13.5,51.0
2020_05_JAX_HOU,6.0,54.0
2020_05_LV_KC,12.5,56.0
2020_05_ARI_NYJ,-6.5,47.5
2020_05_PHI_PIT,7.0,45.0
2020_05_LA_WAS,-9.0,46.0
2020_05_MIA_SF,9.0,52.0
2020_05_IND_CLE,-3.0,47.5
2020_05_NYG_DAL,9.0,54.0
2020_05_MIN_SEA,7.0,58.0
2020_05_LAC_NO,7.5,52.0
2020_05_BUF_TEN,-3.5,53.0
2020_06_CHI_CAR,2.5,44.0
2020_06_CIN_IND,9.5,46.0
2020_06_DET_JAX,-3.0,53.0
2020_06_ATL_MIN,3.5,56.0
2020_06_DEN_NE,9.5,44.5
2020_06_WAS_NYG,3.5,44.5
2020_06_BAL_PHI,-7.0,47.5
2020_06_CLE_PIT,4.0,50.0
2020_06_HOU_TEN,3.5,53.5
2020_06_NYJ_MIA,8.0,47.5
2020_06_GB_TB,-1.5,51.5
2020_06_LA_SF,-3.0,49.5
2020_06_KC_BUF,-4.5,57.5
2020_06_ARI_DAL,-2.5,53.0
2020_07_NYG_PHI,3.5,44.0
2020_07_DET_ATL,3.0,57.0
2020_07_CLE_CIN,-3.0,51.0
2020_07_GB_HOU,-3.5,56.5
2020_07_CAR_NO,7.5,51.0
2020_07_BUF_NYJ,-13.0,45.5
2020_07_PIT_TEN,-2.0,52.0
2020_07_DAL_WAS,-1.0,46.0
2020_07_TB_LV,-2.5,53.5
2020_07_KC_DEN,-9.5,48.0
2020_07_JAX_LAC,7.0,49.5
2020_07_SF_NE,2.5,45.5
2020_07_SEA_ARI,-3.5,56.5
2020_07_CHI_LA,5.5,46.0
2020_08_ATL_CAR,3.0,51.5
2020_08_PIT_BAL,5.5,49.0
2020_08_NE_BUF,4.0,44.5
2020_08_TEN_CIN,-4.5,55.0
2020_08_LV_CLE,3.0,55.5
2020_08_IND_DET,-2.5,51.0
2020_08_MIN_GB,7.0,55.0
2020_08_NYJ_KC,20.5,48.0
2020_08_LA_MIA,-3.5,46.0
2020_08_LAC_DEN,-1.0,44.5
2020_08_NO_CHI,-4.0,44.0
2020_08_SF_SEA,3.0,54.0
2020_08_DAL_PHI,9.0,43.5
2020_08_TB_NYG,-10.0,47.5
2020_09_GB_SF,-5.5,50.0
2020_09_DEN_ATL,4.0,50.0
2020_09_SEA_BUF,-2.5,54.0
2020_09_BAL_IND,-2.5,45.5
2020_09_HOU_JAX,-6.5,51.5
2020_09_CAR_KC,10.5,52.5
2020_09_DET_MIN,4.0,53.5
2020_09_CHI_TEN,5.5,46.5
2020_09_NYG_WAS,3.0,41.5
2020_09_LV_LAC,1.5,54.0
2020_09_MIA_ARI,5.0,48.0
2020_09_PIT_DAL,-13.5,42.0
2020_09_NO_TB,5.5,51.5
2020_09_NE_NYJ,-7.0,41.0
2020_10_IND_TEN,2.5,50.0
2020_10_TB_CAR,-6.0,50.5
2020_10_HOU_CLE,2.5,54.0
2020_10_WAS_DET,3.0,46.0
2020_10_JAX_GB,13.5,53.5
2020_10_PHI_NYG,-3.0,42.0
2020_10_BUF_ARI,2.0,53.5
2020_10_DEN_LV,4.5,50.5
2020_10_LAC_MIA,2.5,50.0
2020_10_SEA_LA,1.0,56.0
2020_10_SF_NO,9.5,50.5
2020_10_CIN_PIT,9.0,47.5
2020_10_BAL_NE,-6.5,41.0
2020_10_MIN_CHI,-2.5,44.5
2020_11_ARI_SEA,3.5,57.5
2020_11_TEN_BAL,6.5,49.0
2020_11_DET_CAR,-1.5,46.5
2020_11_PHI_CLE,3.0,45.5
2020_11_NE_HOU,-2.5,47.5
2020_11_PIT_JAX,-10.0,46.0
2020_11_ATL_NO,5.0,51.0
2020_11_CIN_WAS,1.0,46.0
2020_11_MIA_DEN,-2.5,44.5
2020_11_NYJ_LAC,10.0,47.0
2020_11_GB_IND,2.0,49.5
2020_11_DAL_MIN,7.0,48.0
2020_11_KC_LV,-7.0,55.0
2020_11_LA_TB,3.5,49.0
2020_12_HOU_DET,-2.5,51.0
2020_12_WAS_DAL,3.0,48.0
2020_12_LV_ATL,-3.0,55.5
2020_12_LAC_BUF,5.5,52.5
2020_12_NYG_CIN,-4.0,43.5
2020_12_TEN_IND,4.0,51.0
2020_12_CLE_JAX,-6.5,46.5
2020_12_CAR_MIN,4.5,48.5
2020_12_ARI_NE,-2.5,49.5
2020_12_MIA_NYJ,-7.0,46.0
2020_12_NO_DEN,-6.0,46.0
2020_12_SF_LA,7.0,45.0
2020_12_KC_TB,-3.5,56.0
2020_12_CHI_GB,8.5,45.0
2020_12_SEA_PHI,-5.0,51.5
2020_12_BAL_PIT,3.5,46.0
2020_13_NO_ATL,-3.0,47.5
2020_13_DET_CHI,3.0,45.0
2020_13_IND_HOU,-2.5,54.5
2020_13_CIN_MIA,11.5,42.5
2020_13_JAX_MIN,9.0,51.5
2020_13_LV_NYJ,-7.5,47.0
2020_13_CLE_TEN,4.0,53.0
2020_13_LA_ARI,-1.5,48.5
2020_13_NYG_SEA,10.0,48.0
2020_13_PHI_GB,9.5,46.5
2020_13_NE_LAC,1.0,49.0
2020_13_DEN_KC,13.0,49.0
2020_13_WAS_PIT,8.5,42.0
2020_13_BUF_SF,-3.0,48.5
2020_13_DAL_BAL,7.5,45.0
2020_14_NE_LA,6.5,45.5
2020_14_DEN_CAR,3.5,47.0
2020_14_HOU_CHI,-2.5,46.0
2020_14_DAL_CIN,-4.0,43.5
2020_14_TEN_JAX,-7.0,53.5
2020_14_KC_MIA,-7.5,49.0
2020_14_ARI_NYG,-2.5,45.0
2020_14_MIN_TB,6.5,52.5
2020_14_IND_LV,-2.5,52.0
2020_14_NYJ_SEA,13.5,47.5
2020_14_GB_DET,-8.0,55.0
2020_14_ATL_LAC,-2.5,49.5
2020_14_NO_PHI,-7.0,46.0
2020_14_WAS_SF,4.5,43.5
2020_14_PIT_BUF,-2.0,47.5
2020_14_BAL_CLE,-1.0,48.0
2020_15_LAC_LV,3.0,54.0
2020_15_BUF_DEN,-4.5,48.0
2020_15_CAR_GB,9.0,51.0
2020_15_TB_ATL,-4.0,51.5
2020_15_JAX_BAL,13.0,46.0
2020_15_SF_DAL,-2.0,45.5
2020_15_HOU_IND,7.0,52.5
2020_15_NE_MIA,3.0,42.5
2020_15_CHI_MIN,3.0,46.0
2020_15_DET_TEN,10.5,51.5
2020_15_SEA_WAS,-5.0,43.5
2020_15_PHI_ARI,5.5,48.0
2020_15_NYJ_LA,16.5,44.5
2020_15_KC_NO,-4.0,51.5
2020_15_CLE_NYG,-3.5,45.0
2020_15_PIT_CIN,-13.0,41.0
2020_16_MIN_NO,7.0,52.0
2020_16_TB_DET,-7.0,54.0
2020_16_SF_ARI,4.0,50.0
2020_16_MIA_LV,-2.0,47.5
2020_16_NYG_BAL,12.5,45.0
2020_16_CIN_HOU,9.0,45.0
2020_16_CHI_JAX,-7.5,46.5
2020_16_ATL_KC,11.0,53.5
2020_16_CLE_NYJ,-9.5,44.0
2020_16_IND_PIT,2.5,45.5
2020_16_DEN_LAC,3.0,50.5
2020_16_CAR_WAS,2.0,45.0
2020_16_PHI_DAL,-1.0,49.5
2020_16_LA_SEA,2.5,47.0
2020_16_TEN_GB,4.0,56.0
2020_16_BUF_NE,-6.5,45.0
2020_17_MIA_BUF,3.5,47.5
2020_17_BAL_CIN,-11.5,44.0
2020_17_PIT_CLE,7.0,41.0
2020_17_MIN_DET,-6.5,54.5
2020_17_NYJ_NE,3.0,41.0
2020_17_DAL_NYG,-2.5,47.0
2020_17_ATL_TB,6.0,50.0
2020_17_NO_CAR,-5.5,51.0
2020_17_GB_CHI,-4.0,50.0
2020_17_LV_DEN,1.0,51.0
2020_17_TEN_HOU,-7.0,56.0
2020_17_JAX_IND,13.5,49.0
2020_17_LAC_KC,-3.5,44.0
2020_17_ARI_LA,1.0,39.5
2020_17_SEA_SF,-4.0,47.5
2020_17_WAS_PHI,1.0,42.5
2021_01_DAL_TB,6.5,51.5
2021_01_PHI_ATL,3.5,47.5
2021_01_PIT_BUF,6.0,50.5
2021_01_NYJ_CAR,4.0,43.0
2021_01_MIN_CIN,-3.0,48.0
2021_01_SF_DET,-7.5,46.0
2021_01_JAX_HOU,-2.5,45.5
2021_01_SEA_IND,3.0,52.0
2021_01_ARI_TEN,3.0,51.0
2021_01_LAC_WAS,-1.0,44.5
2021_01_CLE_KC,6.0,52.5
2021_01_MIA_NE,2.5,45.0
2021_01_GB_NO,-4.0,49.5
2021_01_DEN_NYG,-1.0,42.5
2021_01_CHI_LA,7.0,45.0
2021_01_BAL_LV,-4.5,51.0
2021_02_NYG_WAS,3.5,41.0
2021_02_NO_CAR,-3.5,44.5
2021_02_CIN_CHI,3.0,45.0
2021_02_HOU_CLE,12.5,48.0
2021_02_LA_IND,-4.0,47.5
2021_02_DEN_JAX,-6.0,45.5
2021_02_BUF_MIA,-3.5,48.0
2021_02_NE_NYJ,-5.5,43.0
2021_02_SF_PHI,-3.5,50.0
2021_02_LV_PIT,6.0,47.5
2021_02_MIN_ARI,4.0,51.0
2021_02_ATL_TB,12.5,52.0
2021_02_DAL_LAC,3.0,55.0
2021_02_TEN_SEA,5.5,54.0
2021_02_KC_BAL,-4.0,55.5
2021_02_DET_GB,10.5,48.0
2021_03_CAR_HOU,-7.5,44.0
2021_03_WAS_BUF,9.0,46.0
2021_03_CHI_CLE,7.5,46.5
2021_03_BAL_DET,-9.5,49.5
2021_03_ARI_JAX,-7.5,51.5
2021_03_LAC_KC,6.5,55.5
2021_03_NO_NE,3.0,43.0
2021_03_ATL_NYG,3.0,48.5
2021_03_CIN_PIT,4.5,44.0
2021_03_IND_TEN,5.0,48.0
2021_03_NYJ_DEN,10.5,41.0
2021_03_MIA_LV,3.5,45.5
2021_03_TB_LA,1.0,54.5
2021_03_SEA_MIN,-1.0,55.5
2021_03_GB_SF,3.5,47.5
2021_03_PHI_DAL,4.0,51.5
2021_04_JAX_CIN,7.5,45.5
2021_04_WAS_ATL,1.0,48.5
2021_04_HOU_BUF,17.5,48.0
2021_04_DET_CHI,3.5,44.0
2021_04_CAR_DAL,4.5,50.0
2021_04_IND_MIA,1.5,43.5
2021_04_CLE_MIN,-1.0,52.5
2021_04_NYG_NO,8.5,43.5
2021_04_TEN_NYJ,-7.5,46.0
2021_04_KC_PHI,-5.5,55.0
2021_04_ARI_LA,6.0,53.5
2021_04_SEA_SF,3.0,52.0
2021_04_BAL_DEN,1.0,45.0
2021_04_PIT_GB,7.0,46.0
2021_04_TB_NE,-5.5,49.0
2021_04_LV_LAC,3.0,52.5
2021_05_LA_SEA,-1.0,53.5
2021_05_NYJ_ATL,3.5,44.0
2021_05_PHI_CAR,4.5,46.0
2021_05_GB_CIN,-3.0,49.5
2021_05_NE_HOU,-9.5,39.5
2021_05_TEN_JAX,-3.5,48.0
2021_05_DET_MIN,8.0,49.0
2021_05_DEN_PIT,-1.0,40.5
2021_05_MIA_TB,10.5,49.5
2021_05_NO_WAS,-1.0,44.0
2021_05_CLE_LAC,-1.0,49.5
2021_05_CHI_LV,4.5,45.5
2021_05_SF_ARI,4.5,53.5
2021_05_NYG_DAL,7.5,49.5
2021_05_BUF_KC,3.0,57.0
2021_05_IND_BAL,7.0,48.0
2021_06_TB_PHI,-6.5,53.0
2021_06_MIA_JAX,-3.0,45.0
2021_06_LAC_BAL,3.5,50.0
2021_06_MIN_CAR,1.5,47.5
2021_06_GB_CHI,-4.5,46.0
2021_06_CIN_DET,-3.5,48.0
2021_06_HOU_IND,10.0,42.5
2021_06_LA_NYG,-10.5,47.5
2021_06_KC_WAS,-6.5,54.5
2021_06_ARI_CLE,3.0,54.0
2021_06_LV_DEN,3.0,44.5
2021_06_DAL_NE,-3.0,48.0
2021_06_SEA_PIT,3.5,43.0
2021_06_BUF_TEN,-3.5,53.5
2021_07_DEN_CLE,5.0,44.0
2021_07_CIN_BAL,6.5,47.5
2021_07_WAS_GB,10.5,49.0
2021_07_ATL_MIA,1.0,48.0
2021_07_NYJ_NE,6.5,43.0
2021_07_CAR_NYG,-2.5,44.0
2021_07_KC_TEN,-4.0,56.5
2021_07_DET_LA,16.0,50.0
2021_07_PHI_LV,3.0,47.5
2021_07_HOU_ARI,17.0,48.0
2021_07_CHI_TB,13.0,48.0
2021_07_IND_SF,4.0,44.5
2021_07_NO_SEA,-3.5,44.0
2021_08_GB_ARI,3.5,53.5
2021_08_CAR_ATL,2.5,47.0
2021_08_MIA_BUF,13.0,49.5
2021_08_SF_CHI,-4.0,43.0
2021_08_PIT_CLE,3.0,43.5
2021_08_PHI_DET,-3.0,48.5
2021_08_LA_HOU,-14.5,46.0
2021_08_TEN_IND,1.5,49.5
2021_08_CIN_NYJ,-8.5,44.0
2021_08_NE_LAC,6.0,48.0
2021_08_JAX_SEA,3.5,44.0
2021_08_WAS_DEN,3.5,43.5
2021_08_TB_NO,-4.5,50.5
2021_08_DAL_MIN,-1.0,53.0
2021_08_NYG_KC,10.0,52.5
2021_09_NYJ_IND,10.5,47.0
2021_09_MIN_BAL,6.0,50.0
2021_09_NE_CAR,-2.5,43.0
2021_09_CLE_CIN,3.0,45.5
2021_09_DEN_DAL,7.5,49.5
2021_09_BUF_JAX,-14.0,48.5
2021_09_HOU_MIA,7.0,45.5
2021_09_ATL_NO,5.5,43.5
2021_09_LV_NYG,-3.0,47.5
2021_09_LAC_PHI,-3.0,51.0
2021_09_GB_KC,3.0,54.5
2021_09_ARI_SF,-2.5,47.0
2021_09_TEN_LA,6.0,54.0
2021_09_CHI_PIT,6.5,40.0
2021_10_BAL_MIA,-7.5,47.5
2021_10_ATL_DAL,9.0,52.0
2021_10_JAX_IND,10.5,48.0
2021_10_CLE_NE,2.5,44.5
2021_10_BUF_NYJ,-13.0,48.0
2021_10_DET_PIT,9.0,43.5
2021_10_NO_TEN,2.5,44.5
2021_10_TB_WAS,-9.5,51.5
2021_10_CAR_ARI,10.0,44.5
2021_10_MIN_LAC,2.5,52.0
2021_10_PHI_DEN,2.5,45.0
2021_10_SEA_GB,5.5,49.5
2021_10_KC_LV,-2.5,51.5
2021_10_LA_SF,-4.0,49.5
2021_11_NE_ATL,-5.5,46.5
2021_11_IND_BUF,7.0,49.5
2021_11_WAS_CAR,3.0,43.5
2021_11_BAL_CHI,-6.0,45.0
2021_11_DET_CLE,10.5,46.0
2021_11_SF_JAX,-5.5,46.5
2021_11_GB_MIN,-2.5,49.5
2021_11_MIA_NYJ,-3.0,45.5
2021_11_NO_PHI,1.5,44.0
2021_11_HOU_TEN,10.0,45.5
2021_11_CIN_LV,-1.0,49.0
2021_11_DAL_KC,2.0,54.0
2021_11_ARI_SEA,-2.0,50.0
2021_11_PIT_LAC,3.5,47.5
2021_11_NYG_TB,11.5,50.5
2021_12_CHI_DET,-3.5,42.0
2021_12_LV_DAL,7.5,50.5
2021_12_BUF_NO,-4.5,46.0
2021_12_PIT_CIN,4.5,45.5
2021_12_NYJ_HOU,3.0,44.0
2021_12_TB_IND,-2.5,51.0
2021_12_ATL_JAX,-1.0,47.5
2021_12_CAR_MIA,1.0,42.5
2021_12_TEN_NE,6.0,44.5
2021_12_PHI_NYG,-3.5,46.5
2021_12_LAC_DEN,-1.5,49.0
2021_12_LA_GB,2.0,50.0
2021_12_MIN_SF,2.5,48.5
2021_12_CLE_BAL,4.5,46.5
2021_12_SEA_WAS,-2.5,46.5
2021_13_DAL_NO,-6.0,47.5
2021_13_TB_ATL,-10.0,51.0
2021_13_ARI_CHI,-7.0,46.5
2021_13_LAC_CIN,2.5,50.5
2021_13_MIN_DET,-7.0,47.5
2021_13_IND_HOU,-7.5,46.0
2021_13_NYG_MIA,2.5,42.5
2021_13_PHI_NYJ,-7.0,45.0
2021_13_JAX_LA,13.0,48.0
2021_13_WAS_LV,2.5,48.5
2021_13_BAL_PIT,-3.0,44.5
2021_13_SF_SEA,-2.5,46.5
2021_13_DEN_KC,10.0,49.5
2021_13_NE_BUF,3.0,45.0
2021_14_PIT_MIN,3.5,45.0
2021_14_ATL_CAR,3.0,43.5
2021_14_BAL_CLE,1.0,43.5
2021_14_SEA_HOU,-7.5,43.5
2021_14_LV_KC,9.0,52.0
2021_14_NO_NYJ,-6.0,44.0
2021_14_JAX_TEN,11.0,43.5
2021_14_DAL_WAS,-4.5,49.0
2021_14_DET_DEN,8.0,43.5
2021_14_NYG_LAC,10.5,46.0
2021_14_SF_CIN,1.0,47.5
2021_14_BUF_TB,3.5,53.0
2021_14_CHI_GB,13.0,45.0
2021_14_LA_ARI,3.0,52.0
2021_15_KC_LAC,-3.5,50.0
2021_15_NE_IND,1.0,44.0
2021_15_CAR_BUF,11.5,44.5
2021_15_ARI_DET,-13.5,47.5
2021_15_HOU_JAX,3.0,41.0
2021_15_NYJ_MIA,8.5,43.0
2021_15_DAL_NYG,-10.5,45.0
2021_15_TEN_PIT,-2.5,41.5
2021_15_CIN_DEN,1.5,43.5
2021_15_ATL_SF,8.0,45.0
2021_15_GB_BAL,-6.5,43.0
2021_15_NO_TB,11.5,46.5
2021_15_LV_CLE,6.5,43.5
2021_15_MIN_CHI,-4.0,43.0
2021_15_SEA_LA,7.0,47.0
2021_15_WAS_PHI,4.0,43.5
2021_16_SF_TEN,-3.0,44.5
2021_16_CLE_GB,9.0,45.5
2021_16_IND_ARI,1.0,48.5
2021_16_DET_ATL,4.5,44.0
2021_16_TB_CAR,-13.0,48.0
2021_16_BAL_CIN,2.5,43.5
2021_16_LAC_HOU,-10.5,47.5
2021_16_LA_MIN,-3.0,49.5
2021_16_BUF_NE,1.5,44.5
2021_16_JAX_NYJ,2.0,41.5
2021_16_NYG_PHI,11.0,42.5
2021_16_CHI_SEA,7.5,44.0
2021_16_PIT_KC,10.5,46.5
2021_16_DEN_LV,1.0,42.5
2021_16_WAS_DAL,11.0,47.5
2021_16_MIA_NO,3.0,40.5
2021_17_LA_BAL,-3.0,45.5
2021_17_ATL_BUF,14.0,44.0
2021_17_NYG_CHI,6.0,38.0
2021_17_KC_CIN,-4.5,49.0
2021_17_LV_IND,8.5,45.5
2021_17_JAX_NE,15.0,42.5
2021_17_TB_NYJ,-13.0,46.0
2021_17_MIA_TEN,3.5,41.0
2021_17_PHI_WAS,-3.0,45.0
2021_17_DEN_LAC,6.0,45.5
2021_17_HOU_SF,15.5,45.0
2021_17_ARI_DAL,5.0,50.0
2021_17_CAR_NO,7.0,38.0
2021_17_DET_SEA,8.0,42.5
2021_17_MIN_GB,7.0,48.0
2021_17_CLE_PIT,-3.0,41.0
2021_18_KC_DEN,-10.0,44.5
2021_18_DAL_PHI,-2.5,41.5
2021_18_PIT_BAL,5.0,42.0
2021_18_CIN_CLE,3.0,44.0
2021_18_GB_DET,-2.5,44.5
2021_18_TEN_HOU,-11.0,43.0
2021_18_IND_JAX,-14.5,44.0
2021_18_CHI_MIN,3.5,44.5
2021_18_WAS_NYG,-6.5,39.0
2021_18_SEA_ARI,6.5,48.0
2021_18_NO_ATL,-4.0,40.0
2021_18_NYJ_BUF,16.5,45.5
2021_18_SF_LA,6.0,44.5
2021_18_NE_MIA,-5.5,40.0
2021_18_CAR_TB,10.0,42.5
2021_18_LAC_LV,-2.5,48.5
2022_01_BUF_LA,1.0,52.0
2022_01_NO_ATL,-3.5,42.0
2022_01_CLE_CAR,-4.5,43.5
2022_01_SF_CHI,-6.5,42.0
2022_01_PIT_CIN,6.5,44.5
2022_01_PHI_DET,-4.0,46.5
2022_01_IND_HOU,-8.0,44.0
2022_01_NE_MIA,3.0,45.0
2022_01_BAL_NYJ,-4.5,45.0
2022_01_JAX_WAS,3.5,44.0
2022_01_KC_ARI,-3.0,53.0
2022_01_LV_LAC,4.0,51.5
2022_01_GB_MIN,-1.5,49.0
2022_01_NYG_TEN,6.5,44.0
2022_01_TB_DAL,-2.0,52.0
2022_01_DEN_SEA,-4.0,41.0
2022_02_LAC_KC,3.0,52.5
2022_02_MIA_BAL,3.5,46.0
2022_02_NYJ_CLE,6.5,43.5
2022_02_WAS_DET,-1.5,44.0
2022_02_IND_JAX,-4.5,45.5
2022_02_TB_NO,-4.0,47.0
2022_02_CAR_NYG,1.5,42.5
2022_02_NE_PIT,-1.5,43.0
2022_02_ATL_LA,13.5,49.5
2022_02_SEA_SF,8.0,43.5
2022_02_CIN_DAL,1.5,49.5
2022_02_HOU_DEN,10.5,42.0
2022_02_ARI_LV,2.5,51.0
2022_02_CHI_GB,9.0,45.5
2022_02_TEN_BUF,7.0,51.0
2022_02_MIN_PHI,2.5,48.0
2022_03_PIT_CLE,3.0,40.5
2022_03_NO_CAR,-2.5,42.5
2022_03_HOU_CHI,3.0,39.0
2022_03_KC_IND,-3.0,52.5
2022_03_BUF_MIA,-4.5,51.0
2022_03_DET_MIN,7.5,50.0
2022_03_BAL_NE,-3.0,43.0
2022_03_CIN_NYJ,-6.0,43.0
2022_03_LV_TEN,1.0,47.0
2022_03_PHI_WAS,-3.0,50.0
2022_03_JAX_LAC,9.0,50.5
2022_03_LA_ARI,-4.5,51.5
2022_03_ATL_SEA,3.0,42.5
2022_03_GB_TB,3.0,48.0
2022_03_SF_DEN,3.0,46.0
2022_03_DAL_NYG,4.0,40.5
2022_04_MIA_CIN,1.5,48.5
2022_04_MIN_NO,-1.0,44.5
2022_04_CLE_ATL,-3.0,45.0
2022_04_BUF_BAL,-4.0,54.5
2022_04_WAS_DAL,2.5,43.0
2022_04_SEA_DET,5.5,46.0
2022_04_LAC_HOU,-7.0,46.0
2022_04_TEN_IND,3.5,44.5
2022_04_CHI_NYG,3.0,39.5
2022_04_JAX_PHI,7.0,48.0
2022_04_NYJ_PIT,3.5,42.5
2022_04_ARI_CAR,-2.5,46.5
2022_04_NE_GB,6.5,42.5
2022_04_DEN_LV,2.0,46.0
2022_04_KC_TB,-1.5,48.5
2022_04_LA_SF,1.5,47.5
2022_05_IND_DEN,3.0,43.0
2022_05_NYG_GB,8.0,41.5
2022_05_PIT_BUF,14.0,47.0
2022_05_LAC_CLE,-3.0,48.5
2022_05_HOU_JAX,7.0,44.5
2022_05_CHI_MIN,7.0,43.0
2022_05_DET_NE,3.0,47.0
2022_05_SEA_NO,4.0,45.0
2022_05_MIA_NYJ,-3.0,44.5
2022_05_ATL_TB,7.5,48.0
2022_05_TEN_WAS,-2.5,43.5
2022_05_SF_CAR,-5.0,39.5
2022_05_PHI_ARI,-5.5,49.5
2022_05_DAL_LA,4.5,45.5
2022_05_CIN_BAL,3.5,48.0
2022_05_LV_KC,7.0,52.5
2022_06_WAS_CHI,-1.0,40.0
2022_06_SF_ATL,-6.5,43.0
2022_06_NE_CLE,3.5,41.5
2022_06_NYJ_GB,9.5,44.0
2022_06_JAX_IND,2.5,44.0
2022_06_MIN_MIA,1.0,46.5
2022_06_CIN_NO,-1.0,44.0
2022_06_BAL_NYG,-5.5,43.5
2022_06_TB_PIT,-6.5,44.5
2022_06_CAR_LA,9.5,42.0
2022_06_ARI_SEA,-2.5,47.0
2022_06_BUF_KC,1.0,53.5
2022_06_DAL_PHI,5.5,45.5
2022_06_DEN_LAC,4.0,47.5
2022_07_NO_ARI,2.5,46.0
2022_07_CLE_BAL,6.0,44.5
2022_07_TB_CAR,-9.5,41.0
2022_07_ATL_CIN,7.0,43.5
2022_07_DET_DAL,7.0,47.5
2022_07_NYG_JAX,3.0,42.0
2022_07_IND_TEN,1.5,42.0
2022_07_GB_WAS,-5.5,43.5
2022_07_NYJ_DEN,3.5,43.5
2022_07_HOU_LV,7.0,42.0
2022_07_SEA_LAC,7.5,53.0
2022_07_KC_SF,-1.5,47.5
2022_07_PIT_MIA,6.0,42.5
2022_07_CHI_NE,6.0,38.5
2022_08_BAL_TB,3.0,44.0
2022_08_DEN_JAX,3.0,40.0
2022_08_CAR_ATL,6.5,41.0
2022_08_CHI_DAL,10.0,43.0
2022_08_MIA_DET,-3.0,49.0
2022_08_ARI_MIN,6.5,47.5
2022_08_LV_NO,1.0,44.0
2022_08_NE_NYJ,-1.0,40.0
2022_08_PIT_PHI,9.5,44.0
2022_08_TEN_HOU,-3.5,41.0
2022_08_WAS_IND,6.0,42.5
2022_08_SF_LA,2.5,40.0
2022_08_NYG_SEA,1.5,43.0
2022_08_GB_BUF,8.5,48.0
2022_08_CIN_CLE,-2.5,45.5
2022_09_PHI_HOU,-9.0,43.0
2022_09_LAC_ATL,-3.0,47.0
2022_09_MIA_CHI,-3.5,41.5
2022_09_CAR_CIN,9.0,44.0
2022_09_GB_DET,-3.5,49.0
2022_09_LV_JAX,-1.5,47.0
2022_09_IND_NE,6.0,41.0
2022_09_BUF_NYJ,-10.5,47.5
2022_09_MIN_WAS,-2.5,44.5
2022_09_SEA_ARI,3.5,49.0
2022_09_LA_TB,1.5,43.0
2022_09_TEN_KC,10.5,47.0
2022_09_BAL_NO,-3.5,49.0
2022_10_ATL_CAR,-1.5,41.0
2022_10_SEA_TB,2.5,46.5
2022_10_MIN_BUF,9.5,49.5
2022_10_DET_CHI,1.5,45.5
2022_10_JAX_KC,9.5,49.5
2022_10_CLE_MIA,5.5,47.0
2022_10_HOU_NYG,6.0,38.0
2022_10_NO_PIT,-2.5,41.5
2022_10_DEN_TEN,2.0,40.0
2022_10_IND_LV,3.5,43.0
2022_10_DAL_GB,-3.0,44.5
2022_10_ARI_LA,3.0,45.0
2022_10_LAC_SF,3.5,47.5
2022_10_WAS_PHI,10.0,45.0
2022_11_TEN_GB,1.0,41.0
2022_11_CHI_ATL,4.5,48.5
2022_11_CAR_BAL,12.5,44.0
2022_11_CLE_BUF,6.5,44.0
2022_11_WAS_HOU,-2.5,40.5
2022_11_PHI_IND,-10.0,43.5
2022_11_NYJ_NE,5.5,39.5
2022_11_LA_NO,-1.0,42.5
2022_11_DET_NYG,4.0,45.0
2022_11_LV_DEN,2.5,43.5
2022_11_DAL_MIN,1.0,47.0
2022_11_CIN_PIT,-5.5,42.5
2022_11_KC_LAC,-5.5,50.0
2022_11_SF_ARI,-5.5,45.0
2022_12_BUF_DET,-10.0,51.0
2022_12_NYG_DAL,6.5,43.0
2022_12_NE_MIN,3.5,43.5
2022_12_DEN_CAR,-2.5,36.5
2022_12_TB_CLE,-3.0,45.5
2022_12_BAL_JAX,-4.0,46.5
2022_12_HOU_MIA,9.5,45.0
2022_12_CHI_NYJ,3.5,48.0
2022_12_CIN_TEN,-2.0,43.0
2022_12_ATL_WAS,3.0,42.0
2022_12_LAC_ARI,-2.5,48.0
2022_12_LV_SEA,3.0,47.0
2022_12_LA_KC,10.0,45.5
2022_12_NO_SF,8.5,41.5
2022_12_GB_PHI,6.5,45.0
2022_12_PIT_IND,3.0,39.5
2022_13_BUF_NE,-5.5,45.0
2022_13_PIT_ATL,1.0,42.0
2022_13_DEN_BAL,6.5,41.0
2022_13_GB_CHI,-2.5,44.0
2022_13_JAX_DET,1.0,49.5
2022_13_CLE_HOU,-5.0,44.0
2022_13_NYJ_MIN,3.0,41.5
2022_13_WAS_NYG,-1.5,42.0
2022_13_TEN_PHI,6.5,45.5
2022_13_SEA_LA,-3.0,42.5
2022_13_MIA_SF,4.5,46.0
2022_13_KC_CIN,-3.0,51.0
2022_13_LAC_LV,-3.0,48.0
2022_13_IND_DAL,9.5,44.5
2022_13_NO_TB,6.5,42.5
2022_14_LV_LA,-4.5,43.0
2022_14_NYJ_BUF,9.5,44.0
2022_14_CLE_CIN,3.5,48.0
2022_14_HOU_DAL,14.0,47.5
2022_14_MIN_DET,-3.0,51.0
2022_14_PHI_NYG,-6.0,43.0
2022_14_BAL_PIT,-4.0,41.0
2022_14_JAX_TEN,4.0,43.0
2022_14_KC_DEN,-7.0,42.5
2022_14_CAR_SEA,7.0,43.5
2022_14_TB_SF,5.5,41.5
2022_14_MIA_LAC,-1.0,51.5
2022_14_NE_ARI,-1.5,44.0
2022_15_SF_SEA,-1.0,41.5
2022_15_IND_MIN,5.5,46.5
2022_15_BAL_CLE,3.0,42.0
2022_15_MIA_BUF,7.5,47.5
2022_15_PIT_CAR,-3.0,40.0
2022_15_PHI_CHI,-7.5,48.0
2022_15_KC_HOU,-14.0,46.5
2022_15_DAL_JAX,-6.0,45.5
2022_15_ATL_NO,3.5,42.0
2022_15_DET_NYJ,3.0,50.0
2022_15_ARI_DEN,1.0,39.5
2022_15_NE_LV,2.0,45.0
2022_15_TEN_LAC,2.0,45.5
2022_15_CIN_TB,-2.0,42.5
2022_15_NYG_WAS,4.0,40.0
2022_15_LA_GB,9.0,41.0
2022_16_JAX_NYJ,1.5,42.0
2022_16_ATL_BAL,6.5,41.0
2022_16_DET_CAR,-2.5,44.5
2022_16_BUF_CHI,-10.0,45.5
2022_16_NO_CLE,3.0,38.0
2022_16_SEA_KC,9.5,48.5
2022_16_NYG_MIN,4.5,45.5
2022_16_CIN_NE,-3.0,42.0
2022_16_HOU_TEN,8.5,41.0
2022_16_WAS_SF,6.5,41.5
2022_16_PHI_DAL,1.5,50.5
2022_16_LV_PIT,1.0,40.0
2022_16_GB_MIA,3.5,46.5
2022_16_DEN_LA,1.0,35.5
2022_16_TB_ARI,-3.0,42.0
2022_16_LAC_IND,-2.5,48.0
2022_17_DAL_TEN,-3.0,44.5
2022_17_ARI_ATL,3.0,40.0
2022_17_CHI_DET,6.5,48.5
2022_17_JAX_HOU,-4.5,44.0
2022_17_DEN_KC,10.0,44.0
2022_17_MIA_NE,-2.5,43.5
2022_17_IND_NYG,3.0,41.5
2022_17_NO_PHI,5.5,43.5
2022_17_CAR_TB,7.0,41.5
2022_17_CLE_WAS,2.0,42.5
2022_17_SF_LV,-4.5,43.0
2022_17_NYJ_SEA,1.0,44.5
2022_17_MIN_GB,2.5,44.5
2022_17_LA_LAC,6.5,41.0
2022_17_PIT_BAL,4.0,36.5
2022_18_KC_LV,-9.5,51.0
2022_18_TEN_JAX,6.5,39.5
2022_18_TB_ATL,1.0,40.0
2022_18_NE_BUF,10.0,43.0
2022_18_MIN_CHI,-2.5,45.5
2022_18_BAL_CIN,6.0,43.0
2022_18_HOU_IND,2.5,39.0
2022_18_NYJ_MIA,-1.0,42.0
2022_18_CAR_NO,3.0,39.0
2022_18_CLE_PIT,1.0,42.0
2022_18_LAC_DEN,2.5,37.5
2022_18_NYG_PHI,1.5,40.5
2022_18_LA_SEA,3.0,42.5
2022_18_ARI_SF,10.5,40.0
2022_18_DAL_WAS,4.5,39.5
2022_18_DET_GB,4.5,48.5
2023_01_DET_KC,6.5,53.5
2023_01_CAR_ATL,2.5,43.5
2023_01_HOU_BAL,9.5,45.0
2023_01_CIN_CLE,-2.5,46.5
2023_01_JAX_IND,-3.5,43.0
2023_01_TB_MIN,6.0,46.0
2023_01_TEN_NO,3.5,42.5
2023_01_SF_PIT,-3.0,42.5
2023_01_ARI_WAS,5.5,41.0
2023_01_GB_CHI,2.5,45.0
2023_01_LV_DEN,3.0,44.5
2023_01_MIA_LAC,2.5,48.5
2023_01_PHI_NE,-5.0,46.0
2023_01_LA_SEA,5.0,47.0
2023_01_DAL_NYG,-2.5,46.5
2023_01_BUF_NYJ,-1.5,47.5
2023_02_MIN_PHI,7.0,48.5
2023_02_GB_ATL,1.5,41.0
2023_02_LV_BUF,9.5,47.5
2023_02_BAL_CIN,3.5,47.5
2023_02_SEA_DET,3.0,51.5
2023_02_IND_HOU,1.5,41.0
2023_02_KC_JAX,-2.5,50.0
2023_02_CHI_TB,-1.5,44.0
2023_02_LAC_TEN,-3.0,46.5
2023_02_NYG_ARI,-5.5,38.0
2023_02_SF_LA,-6.0,42.5
2023_02_NYJ_DAL,3.0,46.5
2023_02_WAS_DEN,3.5,41.5
2023_02_MIA_NE,-2.0,45.0
2023_02_NO_CAR,-1.5,42.5
2023_02_CLE_PIT,1.0,43.5
2023_03_NYG_SF,9.5,43.5
2023_03_IND_BAL,8.5,45.5
2023_03_TEN_CLE,4.5,41.5
2023_03_ATL_DET,5.5,45.5
2023_03_NO_GB,1.5,43.0
2023_03_HOU_JAX,7.5,45.5
2023_03_DEN_MIA,5.5,45.5
2023_03_LAC_MIN,-1.5,49.5
2023_03_NE_NYJ,-2.0,38.0
2023_03_BUF_WAS,-5.5,44.5
2023_03_CAR_SEA,4.0,42.5
2023_03_DAL_ARI,-10.5,42.5
2023_03_CHI_KC,11.5,49.5
2023_03_PIT_LV,-1.0,44.5
2023_03_PHI_TB,-7.0,45.5
2023_03_LA_CIN,7.5,46.5
2023_04_DET_GB,1.5,46.5
2023_04_ATL_JAX,3.5,45.5
2023_04_MIA_BUF,3.5,49.5
2023_04_MIN_CAR,-2.5,44.5
2023_04_DEN_CHI,-1.5,44.5
2023_04_BAL_CLE,-1.5,44.0
2023_04_PIT_HOU,-4.5,40.5
2023_04_LA_IND,-1.5,45.5
2023_04_TB_NO,3.5,40.5
2023_04_WAS_PHI,7.5,44.5
2023_04_CIN_TEN,-1.5,44.0
2023_04_LV_LAC,4.5,49.5
2023_04_NE_DAL,7.5,42.0
2023_04_ARI_SF,14.0,41.0
2023_04_KC_NYJ,-7.0,45.0
2023_04_SEA_NYG,-1.0,45.0
2023_05_CHI_WAS,5.0,42.5
2023_05_JAX_BUF,3.5,48.5
2023_05_HOU_ATL,3.5,41.5
2023_05_CAR_DET,7.5,43.5
2023_05_TEN_IND,1.0,42.5
2023_05_NYG_MIA,10.0,49.5
2023_05_NO_NE,2.5,40.5
2023_05_BAL_PIT,-2.5,41.5
2023_05_CIN_ARI,-7.0,42.5
2023_05_PHI_LA,-6.0,46.5
2023_05_NYJ_DEN,3.0,40.0
2023_05_KC_MIN,-6.0,52.0
2023_05_DAL_SF,3.0,45.5
2023_05_GB_LV,-1.0,43.5
2023_06_DEN_KC,10.0,51.5
2023_06_BAL_TEN,-5.5,41.5
2023_06_WAS_ATL,1.5,42.0
2023_06_MIN_CHI,-4.5,48.5
2023_06_SEA_CIN,2.5,44.0
2023_06_SF_CLE,-3.0,41.5
2023_06_NO_HOU,-1.0,40.5
2023_06_IND_JAX,5.5,45.5
2023_06_CAR_MIA,10.5,46.0
2023_06_NE_LV,1.5,42.5
2023_06_ARI_LA,4.5,46.5
2023_06_PHI_NYJ,-6.5,42.5
2023_06_DET_TB,-3.0,45.5
2023_06_NYG_BUF,12.0,48.0
2023_06_DAL_LAC,-2.5,47.5
2023_07_JAX_NO,1.0,42.5
2023_07_DET_BAL,2.5,44.5
2023_07_LV_CHI,-1.0,46.5
2023_07_CLE_IND,-2.5,42.5
2023_07_BUF_NE,-9.0,43.5
2023_07_WAS_NYG,-1.0,42.0
2023_07_ATL_TB,2.5,40.5
2023_07_PIT_LA,3.0,42.5
2023_07_ARI_SEA,7.0,46.5
2023_07_GB_DEN,-1.5,45.5
2023_07_LAC_KC,6.0,52.0
2023_07_MIA_PHI,2.5,52.5
2023_07_SF_MIN,-7.0,45.5
2023_08_TB_BUF,8.0,42.0
2023_08_HOU_CAR,-3.0,41.5
2023_08_LA_DAL,6.0,44.5
2023_08_MIN_GB,1.5,44.5
2023_08_NO_IND,-1.5,40.0
2023_08_NE_MIA,12.0,47.0
2023_08_NYJ_NYG,-3.0,36.5
2023_08_JAX_PIT,-1.5,41.5
2023_08_ATL_TEN,1.0,39.0
2023_08_PHI_WAS,-6.0,47.0
2023_08_CLE_SEA,2.0,41.5
2023_08_BAL_ARI,-7.5,43.0
2023_08_KC_DEN,-8.5,45.5
2023_08_CIN_SF,6.0,46.0
2023_08_CHI_LAC,9.5,47.5
2023_08_LV_DET,7.5,44.5
2023_09_TEN_PIT,3.0,37.5
2023_09_MIA_KC,5.5,51.5
2023_09_MIN_ATL,1.0,41.5
2023_09_SEA_BAL,4.5,42.5
2023_09_ARI_CLE,8.5,39.0
2023_09_LA_GB,-1.0,43.5
2023_09_TB_HOU,2.5,39.5
2023_09_WAS_NE,2.0,39.0
2023_09_CHI_NO,5.5,40.5
2023_09_IND_CAR,-2.5,42.5
2023_09_NYG_LV,2.5,39.5
2023_09_DAL_PHI,3.0,46.5
2023_09_BUF_CIN,-1.5,46.5
2023_09_LAC_NYJ,-1.5,43.0
2023_10_CAR_CHI,1.5,41.5
2023_10_IND_NE,4.5,41.5
2023_10_CLE_BAL,4.5,39.5
2023_10_HOU_CIN,8.5,44.5
2023_10_SF_JAX,-2.5,44.5
2023_10_NO_MIN,-2.5,38.5
2023_10_GB_PIT,2.5,38.0
2023_10_TEN_TB,1.0,38.5
2023_10_ATL_ARI,-1.0,41.5
2023_10_DET_LAC,1.5,48.5
2023_10_NYG_DAL,9.5,40.5
2023_10_WAS_SEA,5.5,44.5
2023_10_NYJ_LV,-1.5,37.5
2023_10_DEN_BUF,8.5,46.5
2023_11_CIN_BAL,2.5,44.0
2023_11_DAL_CAR,-9.0,41.0
2023_11_PIT_CLE,4.5,38.0
2023_11_CHI_DET,8.0,45.0
2023_11_LAC_GB,-2.5,42.0
2023_11_ARI_HOU,4.0,47.0
2023_11_TEN_JAX,5.5,40.5
2023_11_LV_MIA,10.0,48.0
2023_11_NYG_WAS,8.0,37.0
2023_11_TB_SF,10.0,42.5
2023_11_NYJ_BUF,6.5,40.5
2023_11_SEA_LA,-3.0,44.5
2023_11_MIN_DEN,2.5,43.0
2023_11_PHI_KC,2.5,47.5
2023_12_GB_DET,7.5,44.5
2023_12_WAS_DAL,9.5,45.0
2023_12_SF_SEA,-4.0,44.0
2023_12_MIA_NYJ,2.5,46.5
2023_12_NO_ATL,1.0,40.5
2023_12_PIT_CIN,5.5,41.5
2023_12_JAX_HOU,-1.5,45.0
2023_12_TB_IND,1.5,42.0
2023_12_NE_NYG,-5.5,35.5
2023_12_CAR_TEN,4.5,38.5
2023_12_LA_ARI,-2.5,46.0
2023_12_CLE_DEN,-2.5,41.0
2023_12_KC_LV,-9.0,45.0
2023_12_BUF_PHI,3.5,47.5
2023_12_BAL_LAC,-3.5,44.5
2023_12_CHI_MIN,4.0,44.0
2023_13_SEA_DAL,6.0,45.5
2023_13_DEN_HOU,3.0,44.5
2023_13_LAC_NE,-4.5,42.5
2023_13_DET_NO,-3.0,44.5
2023_13_ATL_NYJ,-1.5,36.5
2023_13_ARI_PIT,3.0,39.5
2023_13_IND_TEN,1.0,41.0
2023_13_MIA_WAS,-6.5,48.5
2023_13_CAR_TB,5.5,39.5
2023_13_CLE_LA,1.0,39.5
2023_13_SF_PHI,2.5,45.5
2023_13_KC_GB,-7.0,41.5
2023_13_CIN_JAX,6.5,41.5
2023_14_NE_PIT,6.5,35.0
2023_14_TB_ATL,2.0,40.0
2023_14_LA_BAL,7.5,44.5
2023_14_DET_CHI,-4.5,46.5
2023_14_IND_CIN,-2.0,40.0
2023_14_JAX_CLE,-3.0,40.0
2023_14_CAR_NO,6.5,37.0
2023_14_HOU_NYJ,-4.5,38.5
2023_14_MIN_LV,-1.0,40.5
2023_14_SEA_SF,10.5,44.0
2023_14_BUF_KC,3.0,47.5
2023_14_DEN_LAC,3.0,45.5
2023_14_PHI_DAL,2.5,48.5
2023_14_TEN_MIA,11.5,44.0
2023_14_GB_NYG,-6.0,37.5
2023_15_LAC_LV,-3.5,42.5
2023_15_MIN_CIN,1.0,40.5
2023_15_PIT_IND,2.5,39.5
2023_15_DEN_DET,4.5,47.5
2023_15_ATL_CAR,-2.5,35.5
2023_15_CHI_CLE,2.5,37.5
2023_15_TB_GB,3.5,43.5
2023_15_NYJ_MIA,13.5,40.5
2023_15_KC_NE,-10.5,37.5
2023_15_NYG_NO,5.5,36.5
2023_15_HOU_TEN,-3.5,42.5
2023_15_SF_ARI,-13.5,45.5
2023_15_WAS_LA,5.5,46.0
2023_15_DAL_BUF,1.0,49.0
2023_15_BAL_JAX,-5.5,39.0
2023_15_PHI_SEA,-4.0,47.0
2023_16_NO_LA,4.0,44.5
2023_16_CIN_PIT,1.5,39.5
2023_16_BUF_LAC,-9.5,40.5
2023_16_IND_ATL,1.5,43.5
2023_16_GB_CAR,-4.5,36.5
2023_16_CLE_HOU,1.5,41.0
2023_16_DET_MIN,-3.0,45.5
2023_16_WAS_NYJ,3.0,39.5
2023_16_SEA_TEN,-2.0,43.5
2023_16_JAX_TB,-2.5,44.5
2023_16_ARI_CHI,3.0,43.5
2023_16_DAL_MIA,1.5,52.5
2023_16_NE_DEN,5.5,36.5
2023_16_LV_KC,9.5,51.5
2023_16_NYG_PHI,7.5,47.5
2023_16_BAL_SF,4.5,45.5
2023_17_NYJ_CLE,4.5,35.5
2023_17_DET_DAL,5.5,50.5
2023_17_MIA_BAL,3.0,46.5
2023_17_NE_BUF,12.0,40.0
2023_17_ATL_CHI,2.5,37.5
2023_17_TEN_HOU,4.5,43.0
2023_17_LV_IND,3.0,44.0
2023_17_CAR_JAX,7.0,39.5
2023_17_LA_NYG,-6.0,41.0
2023_17_ARI_PHI,10.0,47.5
2023_17_NO_TB,2.0,41.5
2023_17_SF_WAS,-13.5,48.0
2023_17_PIT_SEA,3.5,41.0
2023_17_LAC_DEN,6.0,38.0
2023_17_CIN_KC,3.5,50.5
2023_17_GB_MIN,1.5,43.5
2023_18_PIT_BAL,-3.5,38.0
2023_18_HOU_IND,1.5,46.5
2023_18_TB_CAR,-6.0,37.0
2023_18_CLE_CIN,4.0,40.0
2023_18_MIN_DET,4.0,44.0
2023_18_NYJ_NE,2.0,37.5
2023_18_ATL_NO,3.5,42.5
2023_18_JAX_TEN,-3.5,40.5
2023_18_SEA_ARI,-3.0,47.5
2023_18_CHI_GB,1.5,44.0
2023_18_KC_LAC,1.0,35.5
2023_18_DEN_LV,2.5,38.0
2023_18_PHI_NYG,-6.5,46.0
2023_18_LA_SF,2.5,44.0
2023_18_DAL_WAS,-13.0,49.5
2023_18_BUF_MIA,-3.0,50.0
2024_01_BAL_KC,2.5,47.5
2024_01_GB_PHI,1.5,50.5
2024_01_PIT_ATL,3.0,42.5
2024_01_ARI_BUF,7.0,47.5
2024_01_TEN_CHI,5.0,43.5
2024_01_NE_CIN,7.5,42.5
2024_01_HOU_IND,-1.5,47.5
2024_01_JAX_MIA,3.5,49.5
2024_01_CAR_NO,4.5,39.5
2024_01_MIN_NYG,1.0,40.5
2024_01_LV_LAC,3.0,42.5
2024_01_DEN_SEA,5.0,42.0
2024_01_DAL_CLE,-1.0,44.0
2024_01_WAS_TB,4.0,40.5
2024_01_LA_DET,3.5,52.5
2024_01_NYJ_SF,5.5,45.5
2024_02_BUF_MIA,1.0,51.0
2024_02_LV_BAL,7.5,44.5
2024_02_LAC_CAR,-3.5,41.5
2024_02_NO_DAL,6.5,44.5
2024_02_TB_DET,6.5,48.5
2024_02_IND_GB,4.5,47.0
2024_02_CLE_JAX,2.0,44.5
2024_02_SF_MIN,-6.5,46.0
2024_02_SEA_NE,-3.0,41.0
2024_02_NYJ_TEN,-4.0,43.5
2024_02_NYG_WAS,2.5,41.5
2024_02_LA_ARI,-2.5,48.0
2024_02_PIT_DEN,-3.0,40.5
2024_02_CIN_KC,4.5,48.5
2024_02_CHI_HOU,3.5,46.5
2024_02_ATL_PHI,3.5,48.5
2024_03_NE_NYJ,7.0,40.0
2024_03_NYG_CLE,6.5,40.5
2024_03_CHI_IND,2.5,46.5
2024_03_HOU_MIN,-2.5,45.0
2024_03_PHI_NO,-3.5,47.0
2024_03_LAC_PIT,2.0,38.5
2024_03_DEN_TB,5.0,43.0
2024_03_GB_TEN,2.5,39.5
2024_03_CAR_LV,5.0,40.0
2024_03_MIA_SEA,-1.0,47.5
2024_03_DET_ARI,-4.5,51.5
2024_03_BAL_DAL,1.0,47.5
2024_03_SF_LA,-4.5,48.0
2024_03_KC_ATL,-4.5,47.0
2024_03_JAX_BUF,3.5,47.5
2024_03_WAS_CIN,7.0,47.5
2024_04_DAL_NYG,-7.0,43.5
2024_04_NO_ATL,1.5,46.0
2024_04_CIN_CAR,-7.0,43.0
2024_04_LA_CHI,2.5,42.5
2024_04_MIN_GB,-2.0,39.5
2024_04_JAX_HOU,5.0,46.5
2024_04_PIT_IND,1.5,41.0
2024_04_DEN_NYJ,8.0,37.5
2024_04_PHI_TB,-1.5,47.5
2024_04_WAS_ARI,4.5,49.5
2024_04_NE_SF,9.5,40.5
2024_04_KC_LAC,-4.5,43.0
2024_04_CLE_LV,-1.5,39.0
2024_04_BUF_BAL,1.5,46.0
2024_04_TEN_MIA,1.5,39.5
2024_04_SEA_DET,4.0,48.0
2024_05_TB_ATL,3.0,43.5
2024_05_NYJ_MIN,2.5,40.5
2024_05_CAR_CHI,4.0,42.5
2024_05_BAL_CIN,-1.0,47.0
2024_05_BUF_HOU,1.0,47.0
2024_05_IND_JAX,3.0,46.5
2024_05_MIA_NE,1.5,36.5
2024_05_CLE_WAS,3.0,44.5
2024_05_LV_DEN,3.0,36.5
2024_05_ARI_SF,7.5,49.5
2024_05_GB_LA,-3.5,48.0
2024_05_NYG_SEA,6.5,41.5
2024_05_DAL_PIT,2.5,43.0
2024_05_NO_KC,6.5,45.5
2024_06_SF_SEA,-3.5,47.5
2024_06_JAX_CHI,1.0,42.5
2024_06_WAS_BAL,7.0,49.5
2024_06_ARI_GB,5.5,49.5
2024_06_HOU_NE,-7.0,40.5
2024_06_TB_NO,2.5,45.5
2024_06_CLE_PHI,6.5,43.5
2024_06_IND_TEN,-1.5,41.5
2024_06_LAC_DEN,-1.5,36.5
2024_06_PIT_LV,-2.5,37.5
2024_06_ATL_CAR,-3.5,44.5
2024_06_DET_DAL,-3.0,51.5
2024_06_CIN_NYG,-5.0,46.5
2024_06_BUF_NYJ,-2.0,43.5
2024_07_DEN_NO,2.0,38.0
2024_07_NE_JAX,5.5,43.0
2024_07_SEA_ATL,2.5,46.5
2024_07_TEN_BUF,7.5,43.0
2024_07_CIN_CLE,-4.5,44.5
2024_07_HOU_GB,1.5,47.5
2024_07_MIA_IND,4.0,42.5
2024_07_DET_MIN,1.5,48.0
2024_07_PHI_NYG,-4.0,46.0
2024_07_LV_LA,3.5,43.5
2024_07_CAR_WAS,7.5,48.5
2024_07_KC_SF,1.5,46.5
2024_07_NYJ_PIT,1.0,36.5
2024_07_BAL_TB,-4.5,47.5
2024_07_LAC_ARI,1.0,43.0
2024_08_MIN_LA,-3.0,46.0
2024_08_PHI_CIN,2.5,49.5
2024_08_BAL_CLE,-9.5,42.5
2024_08_TEN_DET,9.5,45.0
2024_08_IND_HOU,6.5,48.0
2024_08_GB_JAX,-3.5,47.5
2024_08_ARI_MIA,3.0,49.0
2024_08_NYJ_NE,-7.0,40.0
2024_08_ATL_TB,1.5,49.0
2024_08_NO_LAC,6.0,39.0
2024_08_BUF_SEA,-3.0,48.0
2024_08_CAR_DEN,4.5,43.0
2024_08_KC_LV,-10.0,43.5
2024_08_CHI_WAS,1.5,47.5
2024_08_DAL_SF,5.5,45.5
2024_08_NYG_PIT,4.0,38.0
2024_09_HOU_NYJ,1.0,43.0
2024_09_DAL_ATL,2.5,48.5
2024_09_DEN_BAL,9.5,43.5
2024_09_MIA_BUF,5.5,48.0
2024_09_NO_CAR,-3.5,46.0
2024_09_LV_CIN,8.5,45.0
2024_09_LAC_CLE,-3.5,38.5
2024_09_WAS_NYG,-3.0,44.0
2024_09_NE_TEN,3.0,38.5
2024_09_CHI_ARI,-1.0,46.0
2024_09_JAX_PHI,6.0,47.5
2024_09_DET_GB,1.0,50.5
2024_09_LA_SEA,3.0,47.5
2024_09_IND_MIN,6.5,46.0
2024_09_TB_KC,9.0,44.5
2024_10_CIN_BAL,6.0,49.5
2024_10_NYG_CAR,-1.5,42.5
2024_10_NE_CHI,7.0,40.5
2024_10_BUF_IND,-4.0,47.5
2024_10_MIN_JAX,-4.0,47.5
2024_10_DEN_KC,9.5,42.5
2024_10_ATL_NO,-1.0,46.5
2024_10_SF_TB,-6.0,48.0
2024_10_PIT_WAS,1.5,44.5
2024_10_TEN_LAC,7.0,38.0
2024_10_NYJ_ARI,1.0,45.0
2024_10_PHI_DAL,-3.0,48.0
2024_10_DET_HOU,-2.5,48.5
2024_10_MIA_LA,3.0,49.5
2024_11_WAS_PHI,3.5,49.5
2024_11_GB_CHI,-2.5,44.5
2024_11_JAX_DET,10.0,50.5
2024_11_LV_MIA,7.0,45.0
2024_11_LA_NE,-6.0,44.0
2024_11_CLE_NO,1.5,42.0
2024_11_IND_NYJ,4.0,43.5
2024_11_BAL_PIT,-3.5,45.0
2024_11_MIN_TEN,-6.0,41.5
2024_11_ATL_DEN,-1.5,43.0
2024_11_SEA_SF,7.0,49.0
2024_11_KC_BUF,-1.0,46.5
2024_11_CIN_LAC,1.5,43.5
2024_11_HOU_DAL,-6.0,43.5
2024_12_PIT_CLE,-4.0,41.5
2024_12_KC_CAR,-11.5,41.0
2024_12_MIN_CHI,-5.0,40.5
2024_12_TEN_HOU,8.0,42.5
2024_12_DET_IND,-6.5,49.0
2024_12_NE_MIA,6.5,44.5
2024_12_TB_NYG,-3.0,42.5
2024_12_DAL_WAS,9.0,45.0
2024_12_DEN_LV,-3.0,40.5
2024_12_SF_GB,1.5,48.0
2024_12_ARI_SEA,1.0,48.5
2024_12_PHI_LA,-2.5,47.5
2024_12_BAL_LAC,-3.0,46.5
2024_13_CHI_DET,11.0,48.0
2024_13_NYG_DAL,2.5,39.5
2024_13_MIA_GB,3.5,47.5
2024_13_LV_KC,12.5,43.5
2024_13_LAC_ATL,-1.5,46.0
2024_13_PIT_CIN,1.5,47.5
2024_13_HOU_JAX,-7.0,42.5
2024_13_ARI_MIN,3.5,46.5
2024_13_IND_NE,-2.5,43.0
2024_13_SEA_NYJ,1.0,44.0
2024_13_TEN_WAS,7.0,44.5
2024_13_TB_CAR,-6.5,44.0
2024_13_LA_NO,-2.5,46.5
2024_13_PHI_BAL,3.0,50.5
2024_13_SF_BUF,3.0,47.5
2024_13_CLE_DEN,7.0,40.5
2024_14_GB_DET,5.5,51.5
2024_14_NYJ_MIA,6.5,44.5
2024_14_ATL_MIN,4.5,45.5
2024_14_NO_NYG,-3.5,39.5
2024_14_CAR_PHI,13.0,44.5
2024_14_CLE_PIT,6.0,40.5
2024_14_LV_TB,7.5,44.5
2024_14_JAX_TEN,1.5,43.5
2024_14_SEA_ARI,1.5,45.5
2024_14_BUF_LA,-3.5,48.5
2024_14_CHI_SF,6.5,44.5
2024_14_LAC_KC,4.5,44.5
2024_14_CIN_DAL,-6.0,45.5
2024_15_LA_SF,3.0,47.0
2024_15_DAL_CAR,-1.5,43.5
2024_15_KC_CLE,-6.5,44.5
2024_15_MIA_HOU,2.5,46.5
2024_15_NYJ_JAX,-3.5,40.5
2024_15_WAS_NO,-3.0,48.0
2024_15_BAL_NYG,-12.0,44.5
2024_15_CIN_TEN,-4.0,49.0
2024_15_NE_ARI,6.5,45.0
2024_15_IND_DEN,4.5,43.0
2024_15_BUF_DET,3.0,51.5
2024_15_TB_LAC,3.5,47.0
2024_15_PIT_PHI,4.5,45.5
2024_15_GB_SEA,-3.0,46.5
2024_15_CHI_MIN,5.5,42.5
2024_15_ATL_LV,-3.0,44.5
2024_16_DEN_LAC,3.0,42.5
2024_16_HOU_KC,4.0,44.5
2024_16_PIT_BAL,4.5,46.5
2024_16_NYG_ATL,8.5,41.5
2024_16_ARI_CAR,-4.0,46.0
2024_16_DET_CHI,-7.5,46.5
2024_16_CLE_CIN,6.0,49.5
2024_16_TEN_IND,4.5,42.5
2024_16_LA_NYJ,-2.5,46.0
2024_16_PHI_WAS,-3.0,48.0
2024_16_MIN_SEA,-2.0,45.5
2024_16_NE_BUF,12.0,46.5
2024_16_JAX_LV,1.5,39.5
2024_16_SF_MIA,1.5,48.5
2024_16_TB_DAL,-3.5,47.5
2024_16_NO_GB,13.0,42.0
2024_17_KC_PIT,-6.5,41.5
2024_17_BAL_HOU,-1.5,45.5
2024_17_SEA_CHI,-1.5,41.5
2024_17_LAC_NE,-6.0,41.5
2024_17_DEN_CIN,3.0,47.5
2024_17_ARI_LA,3.0,48.5
2024_17_NYJ_BUF,9.5,48.5
2024_17_TEN_JAX,1.0,39.5
2024_17_LV_NO,2.5,40.0
2024_17_IND_NYG,-6.5,39.5
2024_17_DAL_PHI,11.0,45.0
2024_17_CAR_TB,8.5,47.5
2024_17_MIA_CLE,-3.5,41.5
2024_17_GB_MIN,1.5,48.0
2024_17_ATL_WAS,3.5,46.0
2024_17_DET_SF,-3.0,51.5
2024_18_CLE_BAL,17.5,42.5
2024_18_CIN_PIT,-2.5,48.0
2024_18_CAR_ATL,7.5,48.0
2024_18_WAS_DAL,-4.5,45.5
2024_18_CHI_GB,9.0,40.0
2024_18_JAX_IND,5.0,44.5
2024_18_BUF_NE,-2.0,41.0
2024_18_NYG_PHI,3.5,38.5
2024_18_NO_TB,14.0,43.5
2024_18_HOU_TEN,5.0,36.0
2024_18_SF_ARI,-1.0,46.5
2024_18_KC_DEN,10.0,38.5
2024_18_SEA_LA,2.5,41.5
2024_18_LAC_LV,-5.5,40.5
2024_18_MIA_NYJ,-2.5,41.5
2024_18_MIN_DET,3.0,52.5
2025_01_DAL_PHI,6.5,46.5
2025_01_KC_LAC,-3.5,48.5
2025_01_TB_ATL,-2.5,45.5
2025_01_CIN_CLE,-4.5,41.5
2025_01_MIA_IND,1.5,45.5
2025_01_CAR_JAX,2.5,40.5
2025_01_LV_NE,2.5,46.5
2025_01_ARI_NO,-5.5,35.5
2025_01_PIT_NYJ,-2.5,37.5
2025_01_NYG_WAS,5.5,41.5
2025_01_TEN_DEN,9.5,42.5
2025_01_SF_SEA,-1.5,49.5
2025_01_DET_GB,1.5,49.5
2025_01_HOU_LA,2.5,46.5
2025_01_BAL_BUF,1.5,52.5
2025_01_MIN_CHI,-2.5,41.5
2025_02_WAS_GB,2.5,46.5
2025_02_CLE_BAL,12.5,37.5
2025_02_JAX_CIN,5.5,50.5
2025_02_NYG_DAL,4.5,40.5
2025_02_CHI_DET,4.5,43.5
2025_02_NE_MIA,2.5,48.5
2025_02_SF_NO,-6.5,44.5
2025_02_BUF_NYJ,-8.5,40.5
2025_02_SEA_PIT,1.5,48.5
2025_02_LA_TEN,-5.5,38.5
2025_02_CAR_ARI,3.5,40.5
2025_02_DEN_IND,-3.5,40.5
2025_02_PHI_KC,1.5,45.5
2025_02_ATL_MIN,4.5,43.5
2025_02_TB_HOU,1.5,41.5
2025_02_LAC_LV,-15.5,51.5
2025_03_MIA_BUF,9.5,42.5
2025_03_ATL_CAR,1.5,45.5
2025_03_GB_CLE,-5.5,37.5
2025_03_HOU_JAX,-2.5,42.5
2025_03_CIN_MIN,1.5,44.5
2025_03_PIT_NE,1.5,39.5
2025_03_LA_PHI,3.5,52.5
2025_03_NYJ_TB,8.5,45.5
2025_03_IND_TEN,1.5,51.5
2025_03_LV_WAS,7.5,44.5
2025_03_DEN_LAC,1.5,38.5
2025_03_NO_SEA,6.5,37.5
2025_03_DAL_CHI,2.5,45.5
2025_03_ARI_SF,3.5,40.5
2025_03_KC_NYG,-5.5,46.5
2025_03_DET_BAL,3.5,47.5
2025_04_SEA_ARI,2.5,44.5
2025_04_MIN_PIT,-2.5,38.5
2025_04_WAS_ATL,-3.5,54.5
2025_04_NO_BUF,11.5,41.5
2025_04_CLE_DET,10.5,46.5
2025_04_TEN_HOU,5.5,38.5
2025_04_CAR_NE,-0.0,0.0
2025_04_LAC_NYG,-3.5,39.5
2025_04_PHI_TB,-2.5,53.5
2025_04_IND_LA,6.5,41.5
2025_04_JAX_SF,5.5,47.5
2025_04_BAL_KC,1.5,44.5
2025_04_CHI_LV,-1.5,51.5
2025_04_GB_DAL,-2.5,51.5
2025_04_NYJ_MIA,6.5,43.5
2025_04_CIN_DEN,1.5,49.5
2025_06_PHI_NYG,-7.5,40.5
2025_06_DEN_NYJ,-7.5,43.5
2025_06_LA_BAL,-7.5,44.5
2025_06_DAL_CAR,-3.5,48.5
2025_06_ARI_IND,5.5,47.5
2025_06_SEA_JAX,1.5,45.5
2025_06_LAC_MIA,-4.5,43.5
2025_06_NE_NO,-3.5,45.5
2025_06_CLE_PIT,4.5,37.5
2025_06_TEN_LV,4.5,40.5
2025_06_CIN_GB,13.5,43.5
2025_06_SF_TB,-7.5,47.5
2025_06_DET_KC,1.5,49.5
2025_06_BUF_ATL,-3.5,48.5
2025_06_CHI_WAS,3.5,49.5
2025_07_PIT_CIN,-4.5,42.5
2025_07_LA_JAX,-3.5,46.5
2025_07_NO_CHI,5.5,44.5
2025_07_MIA_CLE,2.5,41.5
2025_07_LV_KC,10.5,44.5
2025_07_PHI_MIN,-9.5,41.5
2025_07_CAR_NYJ,2.5,44.5
2025_07_NE_TEN,-5.5,42.5
2025_07_NYG_DEN,7.5,40.5
2025_07_IND_LAC,1.5,47.5
2025_07_GB_ARI,-4.5,44.5
2025_07_WAS_DAL,-1.5,51.5
2025_07_ATL_SF,3.5,44.5
2025_07_TB_DET,4.5,52.5
2025_07_HOU_SEA,2.5,41.5
2025_08_MIN_LAC,3.5,41.5
2025_08_MIA_ATL,4.5,45.5
2025_08_CHI_BAL,5.5,48.5
2025_08_BUF_CAR,-7.5,47.5
2025_08_NYJ_CIN,1.5,41.5
2025_08_SF_HOU,1.5,43.5
2025_08_CLE_NE,6.5,39.5
2025_08_NYG_PHI,7.5,41.5
2025_08_TB_NO,-4.5,47.5
2025_08_DAL_DEN,4.5,47.5
2025_08_TEN_IND,10.5,44.5
2025_08_GB_PIT,-8.5,43.5
2025_08_WAS_KC,4.5,50.5
2025_09_BAL_MIA,-7.5,47.5
2025_09_CHI_CIN,-1.5,47.5
2025_09_MIN_DET,7.5,47.5
2025_09_CAR_GB,10.5,43.5
2025_09_DEN_HOU,-1.5,38.5
2025_09_ATL_NE,2.5,44.5
2025_09_SF_NYG,-8.5,45.5
2025_09_IND_PIT,-2.5,48.5
2025_09_LAC_TEN,-7.5,43.5
2025_09_NO_LA,10.5,44.5
2025_09_JAX_LV,-8.5,43.5
2025_09_KC_BUF,-1.5,50.5
2025_09_SEA_WAS,-2.5,45.5
2025_09_ARI_DAL,-2.5,51.5
2025_10_LV_DEN,10.5,41.5
2025_10_ATL_IND,7.5,47.5
2025_10_NO_CAR,3.5,40.5
2025_10_NYG_CHI,3.5,45.5
2025_10_JAX_HOU,2.5,41.5
2025_10_BUF_MIA,-7.5,49.5
2025_10_BAL_MIN,-3.5,45.5
2025_10_CLE_NYJ,1.5,37.5
2025_10_NE_TB,1.5,47.5
2025_10_ARI_SEA,5.5,44.5
2025_10_LA_SF,-8.5,47.5
2025_10_DET_WAS,-3.5,51.5
2025_10_PIT_LAC,3.5,45.5
2025_10_PHI_GB,-2.5,44.5
2025_11_NYJ_NE,10.5,44.5
2025_11_WAS_MIA,-1.5,45.5
2025_11_CAR_ATL,3.5,43.5
2025_11_TB_BUF,4.5,49.5
2025_11_LAC_JAX,-1.5,44.5
2025_11_CHI_MIN,2.5,45.5
2025_11_GB_NYG,-6.5,45.5
2025_11_CIN_PIT,5.5,49.5
2025_11_HOU_TEN,-7.5,37.5
2025_11_SF_ARI,-1.5,46.5
2025_11_SEA_LA,2.5,47.5
2025_11_BAL_CLE,-7.5,41.5
2025_11_KC_DEN,-3.5,44.5
2025_11_DET_PHI,1.5,48.5
2025_11_DAL_LV,-3.5,48.5
2025_12_BUF_HOU,-2.5,44.5
2025_12_NYJ_BAL,13.5,44.5
2025_12_PIT_CHI,2.5,44.5
2025_12_NE_CIN,-5.5,50.5
2025_12_NYG_DET,10.5,48.5
2025_12_MIN_GB,5.5,42.5
2025_12_IND_KC,3.5,49.5
2025_12_SEA_TEN,-11.5,42.5
2025_12_JAX_ARI,-1.5,46.5
2025_12_CLE_LV,2.5,37.5
2025_12_PHI_DAL,-3.5,51.5
2025_12_ATL_NO,1.5,39.5
2025_12_TB_LA,5.5,48.5
2025_12_CAR_SF,6.5,47.5
2025_13_GB_DET,-2.5,48.5
2025_13_KC_DAL,-3.5,51.5
2025_13_CIN_BAL,6.5,52.5
2025_13_CHI_PHI,6.5,44.5
2025_13_LA_CAR,-7.5,44.5
2025_13_SF_CLE,-5.5,41.5
2025_13_HOU_IND,3.5,45.5
2025_13_NO_MIA,4.5,42.5
2025_13_ATL_NYJ,-1.5,38.5
2025_13_ARI_TB,5.5,48.5
2025_13_JAX_TEN,-7.5,42.5
2025_13_MIN_SEA,7.5,42.5
2025_13_LV_LAC,10.5,41.5
2025_13_BUF_PIT,-3.5,47.5
2025_13_DEN_WAS,-6.5,43.5
2025_13_NYG_NE,7.5,45.5
2025_14_DAL_DET,3.5,53.5
2025_14_SEA_ATL,-7.5,43.5
2025_14_PIT_BAL,6.5,44.5
2025_14_CIN_BUF,4.5,51.5
2025_14_TEN_CLE,3.5,33.5
2025_14_IND_JAX,-1.5,47.5
2025_14_WAS_MIN,1.5,41.5
2025_14_MIA_NYJ,-2.5,41.5
2025_14_NO_TB,7.5,42.5
2025_14_DEN_LV,-7.5,40.5
2025_14_LA_ARI,-7.5,47.5
2025_14_CHI_GB,4.5,44.5
2025_14_HOU_KC,3.5,42.5
2025_14_PHI_LAC,-2.5,40.5
2025_15_ATL_TB,4.5,43.5
2025_15_CLE_CHI,7.5,39.5
2025_15_BAL_CIN,-1.5,51.5
2025_15_ARI_HOU,7.5,42.5
2025_15_NYJ_JAX,10.5,41.5
2025_15_LAC_KC,4.5,44.5
2025_15_BUF_NE,-1.5,48.5
2025_15_WAS_NYG,1.5,45.5
2025_15_LV_PHI,12.5,38.5
2025_15_GB_DEN,-1.5,41.5
2025_15_DET_LA,3.5,51.5
2025_15_CAR_NO,-1.5,39.5
2025_15_IND_SEA,10.5,42.5
2025_15_TEN_SF,12.5,44.5
2025_15_MIN_DAL,5.5,47.5
2025_15_MIA_PIT,3.5,41.5
2025_16_LA_SEA,-5.5,46.5
2025_16_PHI_WAS,-4.5,44.5
2025_16_GB_CHI,-3.5,45.5
2025_16_TB_CAR,-1.5,44.5
2025_16_BUF_CLE,-10.5,41.5
2025_16_LAC_DAL,1.5,49.5
2025_16_CIN_MIA,1.5,49.5
2025_16_NYJ_NO,3.5,39.5
2025_16_MIN_NYG,-1.5,42.5
2025_16_KC_TEN,-3.5,37.5
2025_16_ATL_ARI,-1.5,45.5
2025_16_JAX_DEN,2.5,43.5
2025_16_PIT_DET,6.5,48.5
2025_16_LV_HOU,13.5,37.5
2025_16_NE_BAL,2.5,47.5
2025_16_SF_IND,-4.5,45.5
2025_17_DAL_WAS,-3.5,51.5
2025_17_DET_MIN,-3.5,47.5
2025_17_DEN_KC,-4.5,39.5
2025_17_HOU_LAC,-1.5,38.5
2025_17_BAL_GB,3.5,44.5
2025_17_SEA_CAR,-7.5,42.5
2025_17_ARI_CIN,5.5,51.5
2025_17_PIT_CLE,-4.5,34.5
2025_17_JAX_IND,-6.5,45.5
2025_17_TB_MIA,-4.5,45.5
2025_17_NE_NYJ,-11.5,41.5
2025_17_NO_TEN,-2.5,38.5
2025_17_NYG_LV,-1.5,42.5
2025_17_PHI_BUF,2.5,44.5
2025_17_CHI_SF,2.5,49.5
2025_17_LA_ATL,-7.5,48.5
2025_18_CAR_TB,-2.5,43.5
2025_18_SEA_SF,1.5,49.5
2025_18_NO_ATL,2.5,41.5
2025_18_CLE_CIN,6.5,44.5
2025_18_IND_HOU,10.5,39.5
2025_18_TEN_JAX,10.5,45.5
2025_18_GB_MIN,5.5,36.5
2025_18_DAL_NYG,-4.5,51.5
2025_18_NYJ_BUF,10.5,38.5
2025_18_DET_CHI,1.5,48.5
2025_18_LAC_DEN,6.5,38.5
2025_18_ARI_LA,8.5,47.5
2025_18_KC_LV,-5.5,34.5
2025_18_MIA_NE,10.5,45.5
2025_18_WAS_PHI,7.5,41.5
2025_18_BAL_PIT,-8.5,41.5
2026_01_NE_SEA,3.5,44.5
2026_01_SF_LA,3.5,47.5
2026_01_CHI_CAR,-2.5,44.5
2026_01_TB_CIN,3.5,51.5
2026_01_NO_DET,6.5,48.5
2026_01_BUF_HOU,-1.5,43.5
2026_01_BAL_IND,-3.5,47.5
2026_01_CLE_JAX,7.5,40.5
2026_01_ATL_PIT,-2.5,41.5
2026_01_NYJ_TEN,2.5,38.5
2026_01_ARI_LAC,10.5,45.5
2026_01_MIA_LV,3.5,39.5
2026_01_GB_MIN,1.5,44.5
2026_01_WAS_PHI,3.5,45.5
2026_01_DAL_NYG,-2.5,47.5
2026_01_DEN_KC,2.5,41.5
2026_02_DET_BUF,-2.5,51.5
2026_02_CAR_ATL,1.5,42.5
2026_02_NO_BAL,7.5,45.5
2026_02_MIN_CHI,3.5,44.5
2026_02_CIN_HOU,1.5,45.5
2026_02_PIT_NE,4.5,42.5
2026_02_GB_NYJ,-4.5,41.5
2026_02_CLE_TB,5.5,40.5
2026_02_PHI_TEN,-3.5,41.5
2026_02_JAX_DEN,2.5,43.5
2026_02_LV_LAC,7.5,41.5
2026_02_SEA_ARI,-10.5,43.5
2026_02_WAS_DAL,3.5,51.5
2026_02_MIA_SF,10.5,44.5
2026_02_IND_KC,6.5,46.5
2026_02_NYG_LA,7.5,48.5
2026_03_ATL_GB,7.5,44.5
2026_03_LAC_BUF,-2.5,48.5
2026_03_CAR_CLE,-1.5,37.5
2026_03_NYJ_DET,8.5,44.5
2026_03_HOU_IND,-1.5,43.5
2026_03_NE_JAX,1.5,45.5
2026_03_KC_MIA,-7.5,43.5
2026_03_TEN_NYG,3.5,43.5
2026_03_CIN_PIT,-1.5,45.5
2026_03_SEA_WAS,-8.5,45.5
2026_03_ARI_SF,10.5,45.5
2026_03_MIN_TB,1.5,43.5
2026_03_BAL_DAL,-1.5,51.5
2026_03_LV_NO,3.5,41.5
2026_03_LA_DEN,-2.5,45.5
2026_03_PHI_CHI,1.5,45.5
2026_04_PIT_CLE,-2.5,38.5
2026_04_IND_WAS,-1.5,49.5
2026_04_TEN_BAL,7.5,46.5
2026_04_NE_BUF,3.5,49.5
2026_04_NYJ_CHI,7.5,44.5
2026_04_JAX_CIN,2.5,51.5
2026_04_DAL_HOU,2.5,46.5
2026_04_ARI_NYG,6.5,44.5
2026_04_LA_PHI,-1.5,46.5
2026_04_GB_TB,-1.5,46.5
2026_04_MIA_MIN,7.5,42.5
2026_04_KC_LV,-4.5,42.5
2026_04_LAC_SEA,-2.5,44.5
2026_04_DEN_SF,2.5,45.5
2026_04_DET_CAR,-8.5,46.5
2026_04_ATL_NO,1.5,44.5
